DateID,Date,Year,Month,MonthName,Quarter,Day,Week
1,2019-01-01,2019,1,January,1,1,1
2,2019-01-02,2019,1,January,1,2,1
3,2019-01-03,2019,1,January,1,3,1
4,2019-01-04,2019,1,January,1,4,1
5,2019-01-05,2019,1,January,1,5,1
6,2019-01-06,2019,1,January,1,6,1
7,2019-01-07,2019,1,January,1,7,2
8,2019-01-08,2019,1,January,1,8,2
9,2019-01-09,2019,1,January,1,9,2
10,2019-01-10,2019,1,January,1,10,2
11,2019-01-11,2019,1,January,1,11,2
12,2019-01-12,2019,1,January,1,12,2
13,2019-01-13,2019,1,January,1,13,2
14,2019-01-14,2019,1,January,1,14,3
15,2019-01-15,2019,1,January,1,15,3
16,2019-01-16,2019,1,January,1,16,3
17,2019-01-17,2019,1,January,1,17,3
18,2019-01-18,2019,1,January,1,18,3
19,2019-01-19,2019,1,January,1,19,3
20,2019-01-20,2019,1,January,1,20,3
21,2019-01-21,2019,1,January,1,21,4
22,2019-01-22,2019,1,January,1,22,4
23,2019-01-23,2019,1,January,1,23,4
24,2019-01-24,2019,1,January,1,24,4
25,2019-01-25,2019,1,January,1,25,4
26,2019-01-26,2019,1,January,1,26,4
27,2019-01-27,2019,1,January,1,27,4
28,2019-01-28,2019,1,January,1,28,5
29,2019-01-29,2019,1,January,1,29,5
30,2019-01-30,2019,1,January,1,30,5
31,2019-01-31,2019,1,January,1,31,5
32,2019-02-01,2019,2,February,1,1,5
33,2019-02-02,2019,2,February,1,2,5
34,2019-02-03,2019,2,February,1,3,5
35,2019-02-04,2019,2,February,1,4,6
36,2019-02-05,2019,2,February,1,5,6
37,2019-02-06,2019,2,February,1,6,6
38,2019-02-07,2019,2,February,1,7,6
39,2019-02-08,2019,2,February,1,8,6
40,2019-02-09,2019,2,February,1,9,6
41,2019-02-10,2019,2,February,1,10,6
42,2019-02-11,2019,2,February,1,11,7
43,2019-02-12,2019,2,February,1,12,7
44,2019-02-13,2019,2,February,1,13,7
45,2019-02-14,2019,2,February,1,14,7
46,2019-02-15,2019,2,February,1,15,7
47,2019-02-16,2019,2,February,1,16,7
48,2019-02-17,2019,2,February,1,17,7
49,2019-02-18,2019,2,February,1,18,8
50,2019-02-19,2019,2,February,1,19,8
51,2019-02-20,2019,2,February,1,20,8
52,2019-02-21,2019,2,February,1,21,8
53,2019-02-22,2019,2,February,1,22,8
54,2019-02-23,2019,2,February,1,23,8
55,2019-02-24,2019,2,February,1,24,8
56,2019-02-25,2019,2,February,1,25,9
57,2019-02-26,2019,2,February,1,26,9
58,2019-02-27,2019,2,February,1,27,9
59,2019-02-28,2019,2,February,1,28,9
60,2019-03-01,2019,3,March,1,1,9
61,2019-03-02,2019,3,March,1,2,9
62,2019-03-03,2019,3,March,1,3,9
63,2019-03-04,2019,3,March,1,4,10
64,2019-03-05,2019,3,March,1,5,10
65,2019-03-06,2019,3,March,1,6,10
66,2019-03-07,2019,3,March,1,7,10
67,2019-03-08,2019,3,March,1,8,10
68,2019-03-09,2019,3,March,1,9,10
69,2019-03-10,2019,3,March,1,10,10
70,2019-03-11,2019,3,March,1,11,11
71,2019-03-12,2019,3,March,1,12,11
72,2019-03-13,2019,3,March,1,13,11
73,2019-03-14,2019,3,March,1,14,11
74,2019-03-15,2019,3,March,1,15,11
75,2019-03-16,2019,3,March,1,16,11
76,2019-03-17,2019,3,March,1,17,11
77,2019-03-18,2019,3,March,1,18,12
78,2019-03-19,2019,3,March,1,19,12
79,2019-03-20,2019,3,March,1,20,12
80,2019-03-21,2019,3,March,1,21,12
81,2019-03-22,2019,3,March,1,22,12
82,2019-03-23,2019,3,March,1,23,12
83,2019-03-24,2019,3,March,1,24,12
84,2019-03-25,2019,3,March,1,25,13
85,2019-03-26,2019,3,March,1,26,13
86,2019-03-27,2019,3,March,1,27,13
87,2019-03-28,2019,3,March,1,28,13
88,2019-03-29,2019,3,March,1,29,13
89,2019-03-30,2019,3,March,1,30,13
90,2019-03-31,2019,3,March,1,31,13
91,2019-04-01,2019,4,April,2,1,14
92,2019-04-02,2019,4,April,2,2,14
93,2019-04-03,2019,4,April,2,3,14
94,2019-04-04,2019,4,April,2,4,14
95,2019-04-05,2019,4,April,2,5,14
96,2019-04-06,2019,4,April,2,6,14
97,2019-04-07,2019,4,April,2,7,14
98,2019-04-08,2019,4,April,2,8,15
99,2019-04-09,2019,4,April,2,9,15
100,2019-04-10,2019,4,April,2,10,15
101,2019-04-11,2019,4,April,2,11,15
102,2019-04-12,2019,4,April,2,12,15
103,2019-04-13,2019,4,April,2,13,15
104,2019-04-14,2019,4,April,2,14,15
105,2019-04-15,2019,4,April,2,15,16
106,2019-04-16,2019,4,April,2,16,16
107,2019-04-17,2019,4,April,2,17,16
108,2019-04-18,2019,4,April,2,18,16
109,2019-04-19,2019,4,April,2,19,16
110,2019-04-20,2019,4,April,2,20,16
111,2019-04-21,2019,4,April,2,21,16
112,2019-04-22,2019,4,April,2,22,17
113,2019-04-23,2019,4,April,2,23,17
114,2019-04-24,2019,4,April,2,24,17
115,2019-04-25,2019,4,April,2,25,17
116,2019-04-26,2019,4,April,2,26,17
117,2019-04-27,2019,4,April,2,27,17
118,2019-04-28,2019,4,April,2,28,17
119,2019-04-29,2019,4,April,2,29,18
120,2019-04-30,2019,4,April,2,30,18
121,2019-05-01,2019,5,May,2,1,18
122,2019-05-02,2019,5,May,2,2,18
123,2019-05-03,2019,5,May,2,3,18
124,2019-05-04,2019,5,May,2,4,18
125,2019-05-05,2019,5,May,2,5,18
126,2019-05-06,2019,5,May,2,6,19
127,2019-05-07,2019,5,May,2,7,19
128,2019-05-08,2019,5,May,2,8,19
129,2019-05-09,2019,5,May,2,9,19
130,2019-05-10,2019,5,May,2,10,19
131,2019-05-11,2019,5,May,2,11,19
132,2019-05-12,2019,5,May,2,12,19
133,2019-05-13,2019,5,May,2,13,20
134,2019-05-14,2019,5,May,2,14,20
135,2019-05-15,2019,5,May,2,15,20
136,2019-05-16,2019,5,May,2,16,20
137,2019-05-17,2019,5,May,2,17,20
138,2019-05-18,2019,5,May,2,18,20
139,2019-05-19,2019,5,May,2,19,20
140,2019-05-20,2019,5,May,2,20,21
141,2019-05-21,2019,5,May,2,21,21
142,2019-05-22,2019,5,May,2,22,21
143,2019-05-23,2019,5,May,2,23,21
144,2019-05-24,2019,5,May,2,24,21
145,2019-05-25,2019,5,May,2,25,21
146,2019-05-26,2019,5,May,2,26,21
147,2019-05-27,2019,5,May,2,27,22
148,2019-05-28,2019,5,May,2,28,22
149,2019-05-29,2019,5,May,2,29,22
150,2019-05-30,2019,5,May,2,30,22
151,2019-05-31,2019,5,May,2,31,22
152,2019-06-01,2019,6,June,2,1,22
153,2019-06-02,2019,6,June,2,2,22
154,2019-06-03,2019,6,June,2,3,23
155,2019-06-04,2019,6,June,2,4,23
156,2019-06-05,2019,6,June,2,5,23
157,2019-06-06,2019,6,June,2,6,23
158,2019-06-07,2019,6,June,2,7,23
159,2019-06-08,2019,6,June,2,8,23
160,2019-06-09,2019,6,June,2,9,23
161,2019-06-10,2019,6,June,2,10,24
162,2019-06-11,2019,6,June,2,11,24
163,2019-06-12,2019,6,June,2,12,24
164,2019-06-13,2019,6,June,2,13,24
165,2019-06-14,2019,6,June,2,14,24
166,2019-06-15,2019,6,June,2,15,24
167,2019-06-16,2019,6,June,2,16,24
168,2019-06-17,2019,6,June,2,17,25
169,2019-06-18,2019,6,June,2,18,25
170,2019-06-19,2019,6,June,2,19,25
171,2019-06-20,2019,6,June,2,20,25
172,2019-06-21,2019,6,June,2,21,25
173,2019-06-22,2019,6,June,2,22,25
174,2019-06-23,2019,6,June,2,23,25
175,2019-06-24,2019,6,June,2,24,26
176,2019-06-25,2019,6,June,2,25,26
177,2019-06-26,2019,6,June,2,26,26
178,2019-06-27,2019,6,June,2,27,26
179,2019-06-28,2019,6,June,2,28,26
180,2019-06-29,2019,6,June,2,29,26
181,2019-06-30,2019,6,June,2,30,26
182,2019-07-01,2019,7,July,3,1,27
183,2019-07-02,2019,7,July,3,2,27
184,2019-07-03,2019,7,July,3,3,27
185,2019-07-04,2019,7,July,3,4,27
186,2019-07-05,2019,7,July,3,5,27
187,2019-07-06,2019,7,July,3,6,27
188,2019-07-07,2019,7,July,3,7,27
189,2019-07-08,2019,7,July,3,8,28
190,2019-07-09,2019,7,July,3,9,28
191,2019-07-10,2019,7,July,3,10,28
192,2019-07-11,2019,7,July,3,11,28
193,2019-07-12,2019,7,July,3,12,28
194,2019-07-13,2019,7,July,3,13,28
195,2019-07-14,2019,7,July,3,14,28
196,2019-07-15,2019,7,July,3,15,29
197,2019-07-16,2019,7,July,3,16,29
198,2019-07-17,2019,7,July,3,17,29
199,2019-07-18,2019,7,July,3,18,29
200,2019-07-19,2019,7,July,3,19,29
201,2019-07-20,2019,7,July,3,20,29
202,2019-07-21,2019,7,July,3,21,29
203,2019-07-22,2019,7,July,3,22,30
204,2019-07-23,2019,7,July,3,23,30
205,2019-07-24,2019,7,July,3,24,30
206,2019-07-25,2019,7,July,3,25,30
207,2019-07-26,2019,7,July,3,26,30
208,2019-07-27,2019,7,July,3,27,30
209,2019-07-28,2019,7,July,3,28,30
210,2019-07-29,2019,7,July,3,29,31
211,2019-07-30,2019,7,July,3,30,31
212,2019-07-31,2019,7,July,3,31,31
213,2019-08-01,2019,8,August,3,1,31
214,2019-08-02,2019,8,August,3,2,31
215,2019-08-03,2019,8,August,3,3,31
216,2019-08-04,2019,8,August,3,4,31
217,2019-08-05,2019,8,August,3,5,32
218,2019-08-06,2019,8,August,3,6,32
219,2019-08-07,2019,8,August,3,7,32
220,2019-08-08,2019,8,August,3,8,32
221,2019-08-09,2019,8,August,3,9,32
222,2019-08-10,2019,8,August,3,10,32
223,2019-08-11,2019,8,August,3,11,32
224,2019-08-12,2019,8,August,3,12,33
225,2019-08-13,2019,8,August,3,13,33
226,2019-08-14,2019,8,August,3,14,33
227,2019-08-15,2019,8,August,3,15,33
228,2019-08-16,2019,8,August,3,16,33
229,2019-08-17,2019,8,August,3,17,33
230,2019-08-18,2019,8,August,3,18,33
231,2019-08-19,2019,8,August,3,19,34
232,2019-08-20,2019,8,August,3,20,34
233,2019-08-21,2019,8,August,3,21,34
234,2019-08-22,2019,8,August,3,22,34
235,2019-08-23,2019,8,August,3,23,34
236,2019-08-24,2019,8,August,3,24,34
237,2019-08-25,2019,8,August,3,25,34
238,2019-08-26,2019,8,August,3,26,35
239,2019-08-27,2019,8,August,3,27,35
240,2019-08-28,2019,8,August,3,28,35
241,2019-08-29,2019,8,August,3,29,35
242,2019-08-30,2019,8,August,3,30,35
243,2019-08-31,2019,8,August,3,31,35
244,2019-09-01,2019,9,September,3,1,35
245,2019-09-02,2019,9,September,3,2,36
246,2019-09-03,2019,9,September,3,3,36
247,2019-09-04,2019,9,September,3,4,36
248,2019-09-05,2019,9,September,3,5,36
249,2019-09-06,2019,9,September,3,6,36
250,2019-09-07,2019,9,September,3,7,36
251,2019-09-08,2019,9,September,3,8,36
252,2019-09-09,2019,9,September,3,9,37
253,2019-09-10,2019,9,September,3,10,37
254,2019-09-11,2019,9,September,3,11,37
255,2019-09-12,2019,9,September,3,12,37
256,2019-09-13,2019,9,September,3,13,37
257,2019-09-14,2019,9,September,3,14,37
258,2019-09-15,2019,9,September,3,15,37
259,2019-09-16,2019,9,September,3,16,38
260,2019-09-17,2019,9,September,3,17,38
261,2019-09-18,2019,9,September,3,18,38
262,2019-09-19,2019,9,September,3,19,38
263,2019-09-20,2019,9,September,3,20,38
264,2019-09-21,2019,9,September,3,21,38
265,2019-09-22,2019,9,September,3,22,38
266,2019-09-23,2019,9,September,3,23,39
267,2019-09-24,2019,9,September,3,24,39
268,2019-09-25,2019,9,September,3,25,39
269,2019-09-26,2019,9,September,3,26,39
270,2019-09-27,2019,9,September,3,27,39
271,2019-09-28,2019,9,September,3,28,39
272,2019-09-29,2019,9,September,3,29,39
273,2019-09-30,2019,9,September,3,30,40
274,2019-10-01,2019,10,October,4,1,40
275,2019-10-02,2019,10,October,4,2,40
276,2019-10-03,2019,10,October,4,3,40
277,2019-10-04,2019,10,October,4,4,40
278,2019-10-05,2019,10,October,4,5,40
279,2019-10-06,2019,10,October,4,6,40
280,2019-10-07,2019,10,October,4,7,41
281,2019-10-08,2019,10,October,4,8,41
282,2019-10-09,2019,10,October,4,9,41
283,2019-10-10,2019,10,October,4,10,41
284,2019-10-11,2019,10,October,4,11,41
285,2019-10-12,2019,10,October,4,12,41
286,2019-10-13,2019,10,October,4,13,41
287,2019-10-14,2019,10,October,4,14,42
288,2019-10-15,2019,10,October,4,15,42
289,2019-10-16,2019,10,October,4,16,42
290,2019-10-17,2019,10,October,4,17,42
291,2019-10-18,2019,10,October,4,18,42
292,2019-10-19,2019,10,October,4,19,42
293,2019-10-20,2019,10,October,4,20,42
294,2019-10-21,2019,10,October,4,21,43
295,2019-10-22,2019,10,October,4,22,43
296,2019-10-23,2019,10,October,4,23,43
297,2019-10-24,2019,10,October,4,24,43
298,2019-10-25,2019,10,October,4,25,43
299,2019-10-26,2019,10,October,4,26,43
300,2019-10-27,2019,10,October,4,27,43
301,2019-10-28,2019,10,October,4,28,44
302,2019-10-29,2019,10,October,4,29,44
303,2019-10-30,2019,10,October,4,30,44
304,2019-10-31,2019,10,October,4,31,44
305,2019-11-01,2019,11,November,4,1,44
306,2019-11-02,2019,11,November,4,2,44
307,2019-11-03,2019,11,November,4,3,44
308,2019-11-04,2019,11,November,4,4,45
309,2019-11-05,2019,11,November,4,5,45
310,2019-11-06,2019,11,November,4,6,45
311,2019-11-07,2019,11,November,4,7,45
312,2019-11-08,2019,11,November,4,8,45
313,2019-11-09,2019,11,November,4,9,45
314,2019-11-10,2019,11,November,4,10,45
315,2019-11-11,2019,11,November,4,11,46
316,2019-11-12,2019,11,November,4,12,46
317,2019-11-13,2019,11,November,4,13,46
318,2019-11-14,2019,11,November,4,14,46
319,2019-11-15,2019,11,November,4,15,46
320,2019-11-16,2019,11,November,4,16,46
321,2019-11-17,2019,11,November,4,17,46
322,2019-11-18,2019,11,November,4,18,47
323,2019-11-19,2019,11,November,4,19,47
324,2019-11-20,2019,11,November,4,20,47
325,2019-11-21,2019,11,November,4,21,47
326,2019-11-22,2019,11,November,4,22,47
327,2019-11-23,2019,11,November,4,23,47
328,2019-11-24,2019,11,November,4,24,47
329,2019-11-25,2019,11,November,4,25,48
330,2019-11-26,2019,11,November,4,26,48
331,2019-11-27,2019,11,November,4,27,48
332,2019-11-28,2019,11,November,4,28,48
333,2019-11-29,2019,11,November,4,29,48
334,2019-11-30,2019,11,November,4,30,48
335,2019-12-01,2019,12,December,4,1,48
336,2019-12-02,2019,12,December,4,2,49
337,2019-12-03,2019,12,December,4,3,49
338,2019-12-04,2019,12,December,4,4,49
339,2019-12-05,2019,12,December,4,5,49
340,2019-12-06,2019,12,December,4,6,49
341,2019-12-07,2019,12,December,4,7,49
342,2019-12-08,2019,12,December,4,8,49
343,2019-12-09,2019,12,December,4,9,50
344,2019-12-10,2019,12,December,4,10,50
345,2019-12-11,2019,12,December,4,11,50
346,2019-12-12,2019,12,December,4,12,50
347,2019-12-13,2019,12,December,4,13,50
348,2019-12-14,2019,12,December,4,14,50
349,2019-12-15,2019,12,December,4,15,50
350,2019-12-16,2019,12,December,4,16,51
351,2019-12-17,2019,12,December,4,17,51
352,2019-12-18,2019,12,December,4,18,51
353,2019-12-19,2019,12,December,4,19,51
354,2019-12-20,2019,12,December,4,20,51
355,2019-12-21,2019,12,December,4,21,51
356,2019-12-22,2019,12,December,4,22,51
357,2019-12-23,2019,12,December,4,23,52
358,2019-12-24,2019,12,December,4,24,52
359,2019-12-25,2019,12,December,4,25,52
360,2019-12-26,2019,12,December,4,26,52
361,2019-12-27,2019,12,December,4,27,52
362,2019-12-28,2019,12,December,4,28,52
363,2019-12-29,2019,12,December,4,29,52
364,2019-12-30,2019,12,December,4,30,1
365,2019-12-31,2019,12,December,4,31,1
366,2020-01-01,2020,1,January,1,1,1
367,2020-01-02,2020,1,January,1,2,1
368,2020-01-03,2020,1,January,1,3,1
369,2020-01-04,2020,1,January,1,4,1
370,2020-01-05,2020,1,January,1,5,1
371,2020-01-06,2020,1,January,1,6,2
372,2020-01-07,2020,1,January,1,7,2
373,2020-01-08,2020,1,January,1,8,2
374,2020-01-09,2020,1,January,1,9,2
375,2020-01-10,2020,1,January,1,10,2
376,2020-01-11,2020,1,January,1,11,2
377,2020-01-12,2020,1,January,1,12,2
378,2020-01-13,2020,1,January,1,13,3
379,2020-01-14,2020,1,January,1,14,3
380,2020-01-15,2020,1,January,1,15,3
381,2020-01-16,2020,1,January,1,16,3
382,2020-01-17,2020,1,January,1,17,3
383,2020-01-18,2020,1,January,1,18,3
384,2020-01-19,2020,1,January,1,19,3
385,2020-01-20,2020,1,January,1,20,4
386,2020-01-21,2020,1,January,1,21,4
387,2020-01-22,2020,1,January,1,22,4
388,2020-01-23,2020,1,January,1,23,4
389,2020-01-24,2020,1,January,1,24,4
390,2020-01-25,2020,1,January,1,25,4
391,2020-01-26,2020,1,January,1,26,4
392,2020-01-27,2020,1,January,1,27,5
393,2020-01-28,2020,1,January,1,28,5
394,2020-01-29,2020,1,January,1,29,5
395,2020-01-30,2020,1,January,1,30,5
396,2020-01-31,2020,1,January,1,31,5
397,2020-02-01,2020,2,February,1,1,5
398,2020-02-02,2020,2,February,1,2,5
399,2020-02-03,2020,2,February,1,3,6
400,2020-02-04,2020,2,February,1,4,6
401,2020-02-05,2020,2,February,1,5,6
402,2020-02-06,2020,2,February,1,6,6
403,2020-02-07,2020,2,February,1,7,6
404,2020-02-08,2020,2,February,1,8,6
405,2020-02-09,2020,2,February,1,9,6
406,2020-02-10,2020,2,February,1,10,7
407,2020-02-11,2020,2,February,1,11,7
408,2020-02-12,2020,2,February,1,12,7
409,2020-02-13,2020,2,February,1,13,7
410,2020-02-14,2020,2,February,1,14,7
411,2020-02-15,2020,2,February,1,15,7
412,2020-02-16,2020,2,February,1,16,7
413,2020-02-17,2020,2,February,1,17,8
414,2020-02-18,2020,2,February,1,18,8
415,2020-02-19,2020,2,February,1,19,8
416,2020-02-20,2020,2,February,1,20,8
417,2020-02-21,2020,2,February,1,21,8
418,2020-02-22,2020,2,February,1,22,8
419,2020-02-23,2020,2,February,1,23,8
420,2020-02-24,2020,2,February,1,24,9
421,2020-02-25,2020,2,February,1,25,9
422,2020-02-26,2020,2,February,1,26,9
423,2020-02-27,2020,2,February,1,27,9
424,2020-02-28,2020,2,February,1,28,9
425,2020-02-29,2020,2,February,1,29,9
426,2020-03-01,2020,3,March,1,1,9
427,2020-03-02,2020,3,March,1,2,10
428,2020-03-03,2020,3,March,1,3,10
429,2020-03-04,2020,3,March,1,4,10
430,2020-03-05,2020,3,March,1,5,10
431,2020-03-06,2020,3,March,1,6,10
432,2020-03-07,2020,3,March,1,7,10
433,2020-03-08,2020,3,March,1,8,10
434,2020-03-09,2020,3,March,1,9,11
435,2020-03-10,2020,3,March,1,10,11
436,2020-03-11,2020,3,March,1,11,11
437,2020-03-12,2020,3,March,1,12,11
438,2020-03-13,2020,3,March,1,13,11
439,2020-03-14,2020,3,March,1,14,11
440,2020-03-15,2020,3,March,1,15,11
441,2020-03-16,2020,3,March,1,16,12
442,2020-03-17,2020,3,March,1,17,12
443,2020-03-18,2020,3,March,1,18,12
444,2020-03-19,2020,3,March,1,19,12
445,2020-03-20,2020,3,March,1,20,12
446,2020-03-21,2020,3,March,1,21,12
447,2020-03-22,2020,3,March,1,22,12
448,2020-03-23,2020,3,March,1,23,13
449,2020-03-24,2020,3,March,1,24,13
450,2020-03-25,2020,3,March,1,25,13
451,2020-03-26,2020,3,March,1,26,13
452,2020-03-27,2020,3,March,1,27,13
453,2020-03-28,2020,3,March,1,28,13
454,2020-03-29,2020,3,March,1,29,13
455,2020-03-30,2020,3,March,1,30,14
456,2020-03-31,2020,3,March,1,31,14
457,2020-04-01,2020,4,April,2,1,14
458,2020-04-02,2020,4,April,2,2,14
459,2020-04-03,2020,4,April,2,3,14
460,2020-04-04,2020,4,April,2,4,14
461,2020-04-05,2020,4,April,2,5,14
462,2020-04-06,2020,4,April,2,6,15
463,2020-04-07,2020,4,April,2,7,15
464,2020-04-08,2020,4,April,2,8,15
465,2020-04-09,2020,4,April,2,9,15
466,2020-04-10,2020,4,April,2,10,15
467,2020-04-11,2020,4,April,2,11,15
468,2020-04-12,2020,4,April,2,12,15
469,2020-04-13,2020,4,April,2,13,16
470,2020-04-14,2020,4,April,2,14,16
471,2020-04-15,2020,4,April,2,15,16
472,2020-04-16,2020,4,April,2,16,16
473,2020-04-17,2020,4,April,2,17,16
474,2020-04-18,2020,4,April,2,18,16
475,2020-04-19,2020,4,April,2,19,16
476,2020-04-20,2020,4,April,2,20,17
477,2020-04-21,2020,4,April,2,21,17
478,2020-04-22,2020,4,April,2,22,17
479,2020-04-23,2020,4,April,2,23,17
480,2020-04-24,2020,4,April,2,24,17
481,2020-04-25,2020,4,April,2,25,17
482,2020-04-26,2020,4,April,2,26,17
483,2020-04-27,2020,4,April,2,27,18
484,2020-04-28,2020,4,April,2,28,18
485,2020-04-29,2020,4,April,2,29,18
486,2020-04-30,2020,4,April,2,30,18
487,2020-05-01,2020,5,May,2,1,18
488,2020-05-02,2020,5,May,2,2,18
489,2020-05-03,2020,5,May,2,3,18
490,2020-05-04,2020,5,May,2,4,19
491,2020-05-05,2020,5,May,2,5,19
492,2020-05-06,2020,5,May,2,6,19
493,2020-05-07,2020,5,May,2,7,19
494,2020-05-08,2020,5,May,2,8,19
495,2020-05-09,2020,5,May,2,9,19
496,2020-05-10,2020,5,May,2,10,19
497,2020-05-11,2020,5,May,2,11,20
498,2020-05-12,2020,5,May,2,12,20
499,2020-05-13,2020,5,May,2,13,20
500,2020-05-14,2020,5,May,2,14,20
501,2020-05-15,2020,5,May,2,15,20
502,2020-05-16,2020,5,May,2,16,20
503,2020-05-17,2020,5,May,2,17,20
504,2020-05-18,2020,5,May,2,18,21
505,2020-05-19,2020,5,May,2,19,21
506,2020-05-20,2020,5,May,2,20,21
507,2020-05-21,2020,5,May,2,21,21
508,2020-05-22,2020,5,May,2,22,21
509,2020-05-23,2020,5,May,2,23,21
510,2020-05-24,2020,5,May,2,24,21
511,2020-05-25,2020,5,May,2,25,22
512,2020-05-26,2020,5,May,2,26,22
513,2020-05-27,2020,5,May,2,27,22
514,2020-05-28,2020,5,May,2,28,22
515,2020-05-29,2020,5,May,2,29,22
516,2020-05-30,2020,5,May,2,30,22
517,2020-05-31,2020,5,May,2,31,22
518,2020-06-01,2020,6,June,2,1,23
519,2020-06-02,2020,6,June,2,2,23
520,2020-06-03,2020,6,June,2,3,23
521,2020-06-04,2020,6,June,2,4,23
522,2020-06-05,2020,6,June,2,5,23
523,2020-06-06,2020,6,June,2,6,23
524,2020-06-07,2020,6,June,2,7,23
525,2020-06-08,2020,6,June,2,8,24
526,2020-06-09,2020,6,June,2,9,24
527,2020-06-10,2020,6,June,2,10,24
528,2020-06-11,2020,6,June,2,11,24
529,2020-06-12,2020,6,June,2,12,24
530,2020-06-13,2020,6,June,2,13,24
531,2020-06-14,2020,6,June,2,14,24
532,2020-06-15,2020,6,June,2,15,25
533,2020-06-16,2020,6,June,2,16,25
534,2020-06-17,2020,6,June,2,17,25
535,2020-06-18,2020,6,June,2,18,25
536,2020-06-19,2020,6,June,2,19,25
537,2020-06-20,2020,6,June,2,20,25
538,2020-06-21,2020,6,June,2,21,25
539,2020-06-22,2020,6,June,2,22,26
540,2020-06-23,2020,6,June,2,23,26
541,2020-06-24,2020,6,June,2,24,26
542,2020-06-25,2020,6,June,2,25,26
543,2020-06-26,2020,6,June,2,26,26
544,2020-06-27,2020,6,June,2,27,26
545,2020-06-28,2020,6,June,2,28,26
546,2020-06-29,2020,6,June,2,29,27
547,2020-06-30,2020,6,June,2,30,27
548,2020-07-01,2020,7,July,3,1,27
549,2020-07-02,2020,7,July,3,2,27
550,2020-07-03,2020,7,July,3,3,27
551,2020-07-04,2020,7,July,3,4,27
552,2020-07-05,2020,7,July,3,5,27
553,2020-07-06,2020,7,July,3,6,28
554,2020-07-07,2020,7,July,3,7,28
555,2020-07-08,2020,7,July,3,8,28
556,2020-07-09,2020,7,July,3,9,28
557,2020-07-10,2020,7,July,3,10,28
558,2020-07-11,2020,7,July,3,11,28
559,2020-07-12,2020,7,July,3,12,28
560,2020-07-13,2020,7,July,3,13,29
561,2020-07-14,2020,7,July,3,14,29
562,2020-07-15,2020,7,July,3,15,29
563,2020-07-16,2020,7,July,3,16,29
564,2020-07-17,2020,7,July,3,17,29
565,2020-07-18,2020,7,July,3,18,29
566,2020-07-19,2020,7,July,3,19,29
567,2020-07-20,2020,7,July,3,20,30
568,2020-07-21,2020,7,July,3,21,30
569,2020-07-22,2020,7,July,3,22,30
570,2020-07-23,2020,7,July,3,23,30
571,2020-07-24,2020,7,July,3,24,30
572,2020-07-25,2020,7,July,3,25,30
573,2020-07-26,2020,7,July,3,26,30
574,2020-07-27,2020,7,July,3,27,31
575,2020-07-28,2020,7,July,3,28,31
576,2020-07-29,2020,7,July,3,29,31
577,2020-07-30,2020,7,July,3,30,31
578,2020-07-31,2020,7,July,3,31,31
579,2020-08-01,2020,8,August,3,1,31
580,2020-08-02,2020,8,August,3,2,31
581,2020-08-03,2020,8,August,3,3,32
582,2020-08-04,2020,8,August,3,4,32
583,2020-08-05,2020,8,August,3,5,32
584,2020-08-06,2020,8,August,3,6,32
585,2020-08-07,2020,8,August,3,7,32
586,2020-08-08,2020,8,August,3,8,32
587,2020-08-09,2020,8,August,3,9,32
588,2020-08-10,2020,8,August,3,10,33
589,2020-08-11,2020,8,August,3,11,33
590,2020-08-12,2020,8,August,3,12,33
591,2020-08-13,2020,8,August,3,13,33
592,2020-08-14,2020,8,August,3,14,33
593,2020-08-15,2020,8,August,3,15,33
594,2020-08-16,2020,8,August,3,16,33
595,2020-08-17,2020,8,August,3,17,34
596,2020-08-18,2020,8,August,3,18,34
597,2020-08-19,2020,8,August,3,19,34
598,2020-08-20,2020,8,August,3,20,34
599,2020-08-21,2020,8,August,3,21,34
600,2020-08-22,2020,8,August,3,22,34
601,2020-08-23,2020,8,August,3,23,34
602,2020-08-24,2020,8,August,3,24,35
603,2020-08-25,2020,8,August,3,25,35
604,2020-08-26,2020,8,August,3,26,35
605,2020-08-27,2020,8,August,3,27,35
606,2020-08-28,2020,8,August,3,28,35
607,2020-08-29,2020,8,August,3,29,35
608,2020-08-30,2020,8,August,3,30,35
609,2020-08-31,2020,8,August,3,31,36
610,2020-09-01,2020,9,September,3,1,36
611,2020-09-02,2020,9,September,3,2,36
612,2020-09-03,2020,9,September,3,3,36
613,2020-09-04,2020,9,September,3,4,36
614,2020-09-05,2020,9,September,3,5,36
615,2020-09-06,2020,9,September,3,6,36
616,2020-09-07,2020,9,September,3,7,37
617,2020-09-08,2020,9,September,3,8,37
618,2020-09-09,2020,9,September,3,9,37
619,2020-09-10,2020,9,September,3,10,37
620,2020-09-11,2020,9,September,3,11,37
621,2020-09-12,2020,9,September,3,12,37
622,2020-09-13,2020,9,September,3,13,37
623,2020-09-14,2020,9,September,3,14,38
624,2020-09-15,2020,9,September,3,15,38
625,2020-09-16,2020,9,September,3,16,38
626,2020-09-17,2020,9,September,3,17,38
627,2020-09-18,2020,9,September,3,18,38
628,2020-09-19,2020,9,September,3,19,38
629,2020-09-20,2020,9,September,3,20,38
630,2020-09-21,2020,9,September,3,21,39
631,2020-09-22,2020,9,September,3,22,39
632,2020-09-23,2020,9,September,3,23,39
633,2020-09-24,2020,9,September,3,24,39
634,2020-09-25,2020,9,September,3,25,39
635,2020-09-26,2020,9,September,3,26,39
636,2020-09-27,2020,9,September,3,27,39
637,2020-09-28,2020,9,September,3,28,40
638,2020-09-29,2020,9,September,3,29,40
639,2020-09-30,2020,9,September,3,30,40
640,2020-10-01,2020,10,October,4,1,40
641,2020-10-02,2020,10,October,4,2,40
642,2020-10-03,2020,10,October,4,3,40
643,2020-10-04,2020,10,October,4,4,40
644,2020-10-05,2020,10,October,4,5,41
645,2020-10-06,2020,10,October,4,6,41
646,2020-10-07,2020,10,October,4,7,41
647,2020-10-08,2020,10,October,4,8,41
648,2020-10-09,2020,10,October,4,9,41
649,2020-10-10,2020,10,October,4,10,41
650,2020-10-11,2020,10,October,4,11,41
651,2020-10-12,2020,10,October,4,12,42
652,2020-10-13,2020,10,October,4,13,42
653,2020-10-14,2020,10,October,4,14,42
654,2020-10-15,2020,10,October,4,15,42
655,2020-10-16,2020,10,October,4,16,42
656,2020-10-17,2020,10,October,4,17,42
657,2020-10-18,2020,10,October,4,18,42
658,2020-10-19,2020,10,October,4,19,43
659,2020-10-20,2020,10,October,4,20,43
660,2020-10-21,2020,10,October,4,21,43
661,2020-10-22,2020,10,October,4,22,43
662,2020-10-23,2020,10,October,4,23,43
663,2020-10-24,2020,10,October,4,24,43
664,2020-10-25,2020,10,October,4,25,43
665,2020-10-26,2020,10,October,4,26,44
666,2020-10-27,2020,10,October,4,27,44
667,2020-10-28,2020,10,October,4,28,44
668,2020-10-29,2020,10,October,4,29,44
669,2020-10-30,2020,10,October,4,30,44
670,2020-10-31,2020,10,October,4,31,44
671,2020-11-01,2020,11,November,4,1,44
672,2020-11-02,2020,11,November,4,2,45
673,2020-11-03,2020,11,November,4,3,45
674,2020-11-04,2020,11,November,4,4,45
675,2020-11-05,2020,11,November,4,5,45
676,2020-11-06,2020,11,November,4,6,45
677,2020-11-07,2020,11,November,4,7,45
678,2020-11-08,2020,11,November,4,8,45
679,2020-11-09,2020,11,November,4,9,46
680,2020-11-10,2020,11,November,4,10,46
681,2020-11-11,2020,11,November,4,11,46
682,2020-11-12,2020,11,November,4,12,46
683,2020-11-13,2020,11,November,4,13,46
684,2020-11-14,2020,11,November,4,14,46
685,2020-11-15,2020,11,November,4,15,46
686,2020-11-16,2020,11,November,4,16,47
687,2020-11-17,2020,11,November,4,17,47
688,2020-11-18,2020,11,November,4,18,47
689,2020-11-19,2020,11,November,4,19,47
690,2020-11-20,2020,11,November,4,20,47
691,2020-11-21,2020,11,November,4,21,47
692,2020-11-22,2020,11,November,4,22,47
693,2020-11-23,2020,11,November,4,23,48
694,2020-11-24,2020,11,November,4,24,48
695,2020-11-25,2020,11,November,4,25,48
696,2020-11-26,2020,11,November,4,26,48
697,2020-11-27,2020,11,November,4,27,48
698,2020-11-28,2020,11,November,4,28,48
699,2020-11-29,2020,11,November,4,29,48
700,2020-11-30,2020,11,November,4,30,49
701,2020-12-01,2020,12,December,4,1,49
702,2020-12-02,2020,12,December,4,2,49
703,2020-12-03,2020,12,December,4,3,49
704,2020-12-04,2020,12,December,4,4,49
705,2020-12-05,2020,12,December,4,5,49
706,2020-12-06,2020,12,December,4,6,49
707,2020-12-07,2020,12,December,4,7,50
708,2020-12-08,2020,12,December,4,8,50
709,2020-12-09,2020,12,December,4,9,50
710,2020-12-10,2020,12,December,4,10,50
711,2020-12-11,2020,12,December,4,11,50
712,2020-12-12,2020,12,December,4,12,50
713,2020-12-13,2020,12,December,4,13,50
714,2020-12-14,2020,12,December,4,14,51
715,2020-12-15,2020,12,December,4,15,51
716,2020-12-16,2020,12,December,4,16,51
717,2020-12-17,2020,12,December,4,17,51
718,2020-12-18,2020,12,December,4,18,51
719,2020-12-19,2020,12,December,4,19,51
720,2020-12-20,2020,12,December,4,20,51
721,2020-12-21,2020,12,December,4,21,52
722,2020-12-22,2020,12,December,4,22,52
723,2020-12-23,2020,12,December,4,23,52
724,2020-12-24,2020,12,December,4,24,52
725,2020-12-25,2020,12,December,4,25,52
726,2020-12-26,2020,12,December,4,26,52
727,2020-12-27,2020,12,December,4,27,52
728,2020-12-28,2020,12,December,4,28,53
729,2020-12-29,2020,12,December,4,29,53
730,2020-12-30,2020,12,December,4,30,53
731,2020-12-31,2020,12,December,4,31,53
732,2021-01-01,2021,1,January,1,1,53
733,2021-01-02,2021,1,January,1,2,53
734,2021-01-03,2021,1,January,1,3,53
735,2021-01-04,2021,1,January,1,4,1
736,2021-01-05,2021,1,January,1,5,1
737,2021-01-06,2021,1,January,1,6,1
738,2021-01-07,2021,1,January,1,7,1
739,2021-01-08,2021,1,January,1,8,1
740,2021-01-09,2021,1,January,1,9,1
741,2021-01-10,2021,1,January,1,10,1
742,2021-01-11,2021,1,January,1,11,2
743,2021-01-12,2021,1,January,1,12,2
744,2021-01-13,2021,1,January,1,13,2
745,2021-01-14,2021,1,January,1,14,2
746,2021-01-15,2021,1,January,1,15,2
747,2021-01-16,2021,1,January,1,16,2
748,2021-01-17,2021,1,January,1,17,2
749,2021-01-18,2021,1,January,1,18,3
750,2021-01-19,2021,1,January,1,19,3
751,2021-01-20,2021,1,January,1,20,3
752,2021-01-21,2021,1,January,1,21,3
753,2021-01-22,2021,1,January,1,22,3
754,2021-01-23,2021,1,January,1,23,3
755,2021-01-24,2021,1,January,1,24,3
756,2021-01-25,2021,1,January,1,25,4
757,2021-01-26,2021,1,January,1,26,4
758,2021-01-27,2021,1,January,1,27,4
759,2021-01-28,2021,1,January,1,28,4
760,2021-01-29,2021,1,January,1,29,4
761,2021-01-30,2021,1,January,1,30,4
762,2021-01-31,2021,1,January,1,31,4
763,2021-02-01,2021,2,February,1,1,5
764,2021-02-02,2021,2,February,1,2,5
765,2021-02-03,2021,2,February,1,3,5
766,2021-02-04,2021,2,February,1,4,5
767,2021-02-05,2021,2,February,1,5,5
768,2021-02-06,2021,2,February,1,6,5
769,2021-02-07,2021,2,February,1,7,5
770,2021-02-08,2021,2,February,1,8,6
771,2021-02-09,2021,2,February,1,9,6
772,2021-02-10,2021,2,February,1,10,6
773,2021-02-11,2021,2,February,1,11,6
774,2021-02-12,2021,2,February,1,12,6
775,2021-02-13,2021,2,February,1,13,6
776,2021-02-14,2021,2,February,1,14,6
777,2021-02-15,2021,2,February,1,15,7
778,2021-02-16,2021,2,February,1,16,7
779,2021-02-17,2021,2,February,1,17,7
780,2021-02-18,2021,2,February,1,18,7
781,2021-02-19,2021,2,February,1,19,7
782,2021-02-20,2021,2,February,1,20,7
783,2021-02-21,2021,2,February,1,21,7
784,2021-02-22,2021,2,February,1,22,8
785,2021-02-23,2021,2,February,1,23,8
786,2021-02-24,2021,2,February,1,24,8
787,2021-02-25,2021,2,February,1,25,8
788,2021-02-26,2021,2,February,1,26,8
789,2021-02-27,2021,2,February,1,27,8
790,2021-02-28,2021,2,February,1,28,8
791,2021-03-01,2021,3,March,1,1,9
792,2021-03-02,2021,3,March,1,2,9
793,2021-03-03,2021,3,March,1,3,9
794,2021-03-04,2021,3,March,1,4,9
795,2021-03-05,2021,3,March,1,5,9
796,2021-03-06,2021,3,March,1,6,9
797,2021-03-07,2021,3,March,1,7,9
798,2021-03-08,2021,3,March,1,8,10
799,2021-03-09,2021,3,March,1,9,10
800,2021-03-10,2021,3,March,1,10,10
801,2021-03-11,2021,3,March,1,11,10
802,2021-03-12,2021,3,March,1,12,10
803,2021-03-13,2021,3,March,1,13,10
804,2021-03-14,2021,3,March,1,14,10
805,2021-03-15,2021,3,March,1,15,11
806,2021-03-16,2021,3,March,1,16,11
807,2021-03-17,2021,3,March,1,17,11
808,2021-03-18,2021,3,March,1,18,11
809,2021-03-19,2021,3,March,1,19,11
810,2021-03-20,2021,3,March,1,20,11
811,2021-03-21,2021,3,March,1,21,11
812,2021-03-22,2021,3,March,1,22,12
813,2021-03-23,2021,3,March,1,23,12
814,2021-03-24,2021,3,March,1,24,12
815,2021-03-25,2021,3,March,1,25,12
816,2021-03-26,2021,3,March,1,26,12
817,2021-03-27,2021,3,March,1,27,12
818,2021-03-28,2021,3,March,1,28,12
819,2021-03-29,2021,3,March,1,29,13
820,2021-03-30,2021,3,March,1,30,13
821,2021-03-31,2021,3,March,1,31,13
822,2021-04-01,2021,4,April,2,1,13
823,2021-04-02,2021,4,April,2,2,13
824,2021-04-03,2021,4,April,2,3,13
825,2021-04-04,2021,4,April,2,4,13
826,2021-04-05,2021,4,April,2,5,14
827,2021-04-06,2021,4,April,2,6,14
828,2021-04-07,2021,4,April,2,7,14
829,2021-04-08,2021,4,April,2,8,14
830,2021-04-09,2021,4,April,2,9,14
831,2021-04-10,2021,4,April,2,10,14
832,2021-04-11,2021,4,April,2,11,14
833,2021-04-12,2021,4,April,2,12,15
834,2021-04-13,2021,4,April,2,13,15
835,2021-04-14,2021,4,April,2,14,15
836,2021-04-15,2021,4,April,2,15,15
837,2021-04-16,2021,4,April,2,16,15
838,2021-04-17,2021,4,April,2,17,15
839,2021-04-18,2021,4,April,2,18,15
840,2021-04-19,2021,4,April,2,19,16
841,2021-04-20,2021,4,April,2,20,16
842,2021-04-21,2021,4,April,2,21,16
843,2021-04-22,2021,4,April,2,22,16
844,2021-04-23,2021,4,April,2,23,16
845,2021-04-24,2021,4,April,2,24,16
846,2021-04-25,2021,4,April,2,25,16
847,2021-04-26,2021,4,April,2,26,17
848,2021-04-27,2021,4,April,2,27,17
849,2021-04-28,2021,4,April,2,28,17
850,2021-04-29,2021,4,April,2,29,17
851,2021-04-30,2021,4,April,2,30,17
852,2021-05-01,2021,5,May,2,1,17
853,2021-05-02,2021,5,May,2,2,17
854,2021-05-03,2021,5,May,2,3,18
855,2021-05-04,2021,5,May,2,4,18
856,2021-05-05,2021,5,May,2,5,18
857,2021-05-06,2021,5,May,2,6,18
858,2021-05-07,2021,5,May,2,7,18
859,2021-05-08,2021,5,May,2,8,18
860,2021-05-09,2021,5,May,2,9,18
861,2021-05-10,2021,5,May,2,10,19
862,2021-05-11,2021,5,May,2,11,19
863,2021-05-12,2021,5,May,2,12,19
864,2021-05-13,2021,5,May,2,13,19
865,2021-05-14,2021,5,May,2,14,19
866,2021-05-15,2021,5,May,2,15,19
867,2021-05-16,2021,5,May,2,16,19
868,2021-05-17,2021,5,May,2,17,20
869,2021-05-18,2021,5,May,2,18,20
870,2021-05-19,2021,5,May,2,19,20
871,2021-05-20,2021,5,May,2,20,20
872,2021-05-21,2021,5,May,2,21,20
873,2021-05-22,2021,5,May,2,22,20
874,2021-05-23,2021,5,May,2,23,20
875,2021-05-24,2021,5,May,2,24,21
876,2021-05-25,2021,5,May,2,25,21
877,2021-05-26,2021,5,May,2,26,21
878,2021-05-27,2021,5,May,2,27,21
879,2021-05-28,2021,5,May,2,28,21
880,2021-05-29,2021,5,May,2,29,21
881,2021-05-30,2021,5,May,2,30,21
882,2021-05-31,2021,5,May,2,31,22
883,2021-06-01,2021,6,June,2,1,22
884,2021-06-02,2021,6,June,2,2,22
885,2021-06-03,2021,6,June,2,3,22
886,2021-06-04,2021,6,June,2,4,22
887,2021-06-05,2021,6,June,2,5,22
888,2021-06-06,2021,6,June,2,6,22
889,2021-06-07,2021,6,June,2,7,23
890,2021-06-08,2021,6,June,2,8,23
891,2021-06-09,2021,6,June,2,9,23
892,2021-06-10,2021,6,June,2,10,23
893,2021-06-11,2021,6,June,2,11,23
894,2021-06-12,2021,6,June,2,12,23
895,2021-06-13,2021,6,June,2,13,23
896,2021-06-14,2021,6,June,2,14,24
897,2021-06-15,2021,6,June,2,15,24
898,2021-06-16,2021,6,June,2,16,24
899,2021-06-17,2021,6,June,2,17,24
900,2021-06-18,2021,6,June,2,18,24
901,2021-06-19,2021,6,June,2,19,24
902,2021-06-20,2021,6,June,2,20,24
903,2021-06-21,2021,6,June,2,21,25
904,2021-06-22,2021,6,June,2,22,25
905,2021-06-23,2021,6,June,2,23,25
906,2021-06-24,2021,6,June,2,24,25
907,2021-06-25,2021,6,June,2,25,25
908,2021-06-26,2021,6,June,2,26,25
909,2021-06-27,2021,6,June,2,27,25
910,2021-06-28,2021,6,June,2,28,26
911,2021-06-29,2021,6,June,2,29,26
912,2021-06-30,2021,6,June,2,30,26
913,2021-07-01,2021,7,July,3,1,26
914,2021-07-02,2021,7,July,3,2,26
915,2021-07-03,2021,7,July,3,3,26
916,2021-07-04,2021,7,July,3,4,26
917,2021-07-05,2021,7,July,3,5,27
918,2021-07-06,2021,7,July,3,6,27
919,2021-07-07,2021,7,July,3,7,27
920,2021-07-08,2021,7,July,3,8,27
921,2021-07-09,2021,7,July,3,9,27
922,2021-07-10,2021,7,July,3,10,27
923,2021-07-11,2021,7,July,3,11,27
924,2021-07-12,2021,7,July,3,12,28
925,2021-07-13,2021,7,July,3,13,28
926,2021-07-14,2021,7,July,3,14,28
927,2021-07-15,2021,7,July,3,15,28
928,2021-07-16,2021,7,July,3,16,28
929,2021-07-17,2021,7,July,3,17,28
930,2021-07-18,2021,7,July,3,18,28
931,2021-07-19,2021,7,July,3,19,29
932,2021-07-20,2021,7,July,3,20,29
933,2021-07-21,2021,7,July,3,21,29
934,2021-07-22,2021,7,July,3,22,29
935,2021-07-23,2021,7,July,3,23,29
936,2021-07-24,2021,7,July,3,24,29
937,2021-07-25,2021,7,July,3,25,29
938,2021-07-26,2021,7,July,3,26,30
939,2021-07-27,2021,7,July,3,27,30
940,2021-07-28,2021,7,July,3,28,30
941,2021-07-29,2021,7,July,3,29,30
942,2021-07-30,2021,7,July,3,30,30
943,2021-07-31,2021,7,July,3,31,30
944,2021-08-01,2021,8,August,3,1,30
945,2021-08-02,2021,8,August,3,2,31
946,2021-08-03,2021,8,August,3,3,31
947,2021-08-04,2021,8,August,3,4,31
948,2021-08-05,2021,8,August,3,5,31
949,2021-08-06,2021,8,August,3,6,31
950,2021-08-07,2021,8,August,3,7,31
951,2021-08-08,2021,8,August,3,8,31
952,2021-08-09,2021,8,August,3,9,32
953,2021-08-10,2021,8,August,3,10,32
954,2021-08-11,2021,8,August,3,11,32
955,2021-08-12,2021,8,August,3,12,32
956,2021-08-13,2021,8,August,3,13,32
957,2021-08-14,2021,8,August,3,14,32
958,2021-08-15,2021,8,August,3,15,32
959,2021-08-16,2021,8,August,3,16,33
960,2021-08-17,2021,8,August,3,17,33
961,2021-08-18,2021,8,August,3,18,33
962,2021-08-19,2021,8,August,3,19,33
963,2021-08-20,2021,8,August,3,20,33
964,2021-08-21,2021,8,August,3,21,33
965,2021-08-22,2021,8,August,3,22,33
966,2021-08-23,2021,8,August,3,23,34
967,2021-08-24,2021,8,August,3,24,34
968,2021-08-25,2021,8,August,3,25,34
969,2021-08-26,2021,8,August,3,26,34
970,2021-08-27,2021,8,August,3,27,34
971,2021-08-28,2021,8,August,3,28,34
972,2021-08-29,2021,8,August,3,29,34
973,2021-08-30,2021,8,August,3,30,35
974,2021-08-31,2021,8,August,3,31,35
975,2021-09-01,2021,9,September,3,1,35
976,2021-09-02,2021,9,September,3,2,35
977,2021-09-03,2021,9,September,3,3,35
978,2021-09-04,2021,9,September,3,4,35
979,2021-09-05,2021,9,September,3,5,35
980,2021-09-06,2021,9,September,3,6,36
981,2021-09-07,2021,9,September,3,7,36
982,2021-09-08,2021,9,September,3,8,36
983,2021-09-09,2021,9,September,3,9,36
984,2021-09-10,2021,9,September,3,10,36
985,2021-09-11,2021,9,September,3,11,36
986,2021-09-12,2021,9,September,3,12,36
987,2021-09-13,2021,9,September,3,13,37
988,2021-09-14,2021,9,September,3,14,37
989,2021-09-15,2021,9,September,3,15,37
990,2021-09-16,2021,9,September,3,16,37
991,2021-09-17,2021,9,September,3,17,37
992,2021-09-18,2021,9,September,3,18,37
993,2021-09-19,2021,9,September,3,19,37
994,2021-09-20,2021,9,September,3,20,38
995,2021-09-21,2021,9,September,3,21,38
996,2021-09-22,2021,9,September,3,22,38
997,2021-09-23,2021,9,September,3,23,38
998,2021-09-24,2021,9,September,3,24,38
999,2021-09-25,2021,9,September,3,25,38
1000,2021-09-26,2021,9,September,3,26,38
1001,2021-09-27,2021,9,September,3,27,39
1002,2021-09-28,2021,9,September,3,28,39
1003,2021-09-29,2021,9,September,3,29,39
1004,2021-09-30,2021,9,September,3,30,39
1005,2021-10-01,2021,10,October,4,1,39
1006,2021-10-02,2021,10,October,4,2,39
1007,2021-10-03,2021,10,October,4,3,39
1008,2021-10-04,2021,10,October,4,4,40
1009,2021-10-05,2021,10,October,4,5,40
1010,2021-10-06,2021,10,October,4,6,40
1011,2021-10-07,2021,10,October,4,7,40
1012,2021-10-08,2021,10,October,4,8,40
1013,2021-10-09,2021,10,October,4,9,40
1014,2021-10-10,2021,10,October,4,10,40
1015,2021-10-11,2021,10,October,4,11,41
1016,2021-10-12,2021,10,October,4,12,41
1017,2021-10-13,2021,10,October,4,13,41
1018,2021-10-14,2021,10,October,4,14,41
1019,2021-10-15,2021,10,October,4,15,41
1020,2021-10-16,2021,10,October,4,16,41
1021,2021-10-17,2021,10,October,4,17,41
1022,2021-10-18,2021,10,October,4,18,42
1023,2021-10-19,2021,10,October,4,19,42
1024,2021-10-20,2021,10,October,4,20,42
1025,2021-10-21,2021,10,October,4,21,42
1026,2021-10-22,2021,10,October,4,22,42
1027,2021-10-23,2021,10,October,4,23,42
1028,2021-10-24,2021,10,October,4,24,42
1029,2021-10-25,2021,10,October,4,25,43
1030,2021-10-26,2021,10,October,4,26,43
1031,2021-10-27,2021,10,October,4,27,43
1032,2021-10-28,2021,10,October,4,28,43
1033,2021-10-29,2021,10,October,4,29,43
1034,2021-10-30,2021,10,October,4,30,43
1035,2021-10-31,2021,10,October,4,31,43
1036,2021-11-01,2021,11,November,4,1,44
1037,2021-11-02,2021,11,November,4,2,44
1038,2021-11-03,2021,11,November,4,3,44
1039,2021-11-04,2021,11,November,4,4,44
1040,2021-11-05,2021,11,November,4,5,44
1041,2021-11-06,2021,11,November,4,6,44
1042,2021-11-07,2021,11,November,4,7,44
1043,2021-11-08,2021,11,November,4,8,45
1044,2021-11-09,2021,11,November,4,9,45
1045,2021-11-10,2021,11,November,4,10,45
1046,2021-11-11,2021,11,November,4,11,45
1047,2021-11-12,2021,11,November,4,12,45
1048,2021-11-13,2021,11,November,4,13,45
1049,2021-11-14,2021,11,November,4,14,45
1050,2021-11-15,2021,11,November,4,15,46
1051,2021-11-16,2021,11,November,4,16,46
1052,2021-11-17,2021,11,November,4,17,46
1053,2021-11-18,2021,11,November,4,18,46
1054,2021-11-19,2021,11,November,4,19,46
1055,2021-11-20,2021,11,November,4,20,46
1056,2021-11-21,2021,11,November,4,21,46
1057,2021-11-22,2021,11,November,4,22,47
1058,2021-11-23,2021,11,November,4,23,47
1059,2021-11-24,2021,11,November,4,24,47
1060,2021-11-25,2021,11,November,4,25,47
1061,2021-11-26,2021,11,November,4,26,47
1062,2021-11-27,2021,11,November,4,27,47
1063,2021-11-28,2021,11,November,4,28,47
1064,2021-11-29,2021,11,November,4,29,48
1065,2021-11-30,2021,11,November,4,30,48
1066,2021-12-01,2021,12,December,4,1,48
1067,2021-12-02,2021,12,December,4,2,48
1068,2021-12-03,2021,12,December,4,3,48
1069,2021-12-04,2021,12,December,4,4,48
1070,2021-12-05,2021,12,December,4,5,48
1071,2021-12-06,2021,12,December,4,6,49
1072,2021-12-07,2021,12,December,4,7,49
1073,2021-12-08,2021,12,December,4,8,49
1074,2021-12-09,2021,12,December,4,9,49
1075,2021-12-10,2021,12,December,4,10,49
1076,2021-12-11,2021,12,December,4,11,49
1077,2021-12-12,2021,12,December,4,12,49
1078,2021-12-13,2021,12,December,4,13,50
1079,2021-12-14,2021,12,December,4,14,50
1080,2021-12-15,2021,12,December,4,15,50
1081,2021-12-16,2021,12,December,4,16,50
1082,2021-12-17,2021,12,December,4,17,50
1083,2021-12-18,2021,12,December,4,18,50
1084,2021-12-19,2021,12,December,4,19,50
1085,2021-12-20,2021,12,December,4,20,51
1086,2021-12-21,2021,12,December,4,21,51
1087,2021-12-22,2021,12,December,4,22,51
1088,2021-12-23,2021,12,December,4,23,51
1089,2021-12-24,2021,12,December,4,24,51
1090,2021-12-25,2021,12,December,4,25,51
1091,2021-12-26,2021,12,December,4,26,51
1092,2021-12-27,2021,12,December,4,27,52
1093,2021-12-28,2021,12,December,4,28,52
1094,2021-12-29,2021,12,December,4,29,52
1095,2021-12-30,2021,12,December,4,30,52
1096,2021-12-31,2021,12,December,4,31,52
1097,2022-01-01,2022,1,January,1,1,52
1098,2022-01-02,2022,1,January,1,2,52
1099,2022-01-03,2022,1,January,1,3,1
1100,2022-01-04,2022,1,January,1,4,1
1101,2022-01-05,2022,1,January,1,5,1
1102,2022-01-06,2022,1,January,1,6,1
1103,2022-01-07,2022,1,January,1,7,1
1104,2022-01-08,2022,1,January,1,8,1
1105,2022-01-09,2022,1,January,1,9,1
1106,2022-01-10,2022,1,January,1,10,2
1107,2022-01-11,2022,1,January,1,11,2
1108,2022-01-12,2022,1,January,1,12,2
1109,2022-01-13,2022,1,January,1,13,2
1110,2022-01-14,2022,1,January,1,14,2
1111,2022-01-15,2022,1,January,1,15,2
1112,2022-01-16,2022,1,January,1,16,2
1113,2022-01-17,2022,1,January,1,17,3
1114,2022-01-18,2022,1,January,1,18,3
1115,2022-01-19,2022,1,January,1,19,3
1116,2022-01-20,2022,1,January,1,20,3
1117,2022-01-21,2022,1,January,1,21,3
1118,2022-01-22,2022,1,January,1,22,3
1119,2022-01-23,2022,1,January,1,23,3
1120,2022-01-24,2022,1,January,1,24,4
1121,2022-01-25,2022,1,January,1,25,4
1122,2022-01-26,2022,1,January,1,26,4
1123,2022-01-27,2022,1,January,1,27,4
1124,2022-01-28,2022,1,January,1,28,4
1125,2022-01-29,2022,1,January,1,29,4
1126,2022-01-30,2022,1,January,1,30,4
1127,2022-01-31,2022,1,January,1,31,5
1128,2022-02-01,2022,2,February,1,1,5
1129,2022-02-02,2022,2,February,1,2,5
1130,2022-02-03,2022,2,February,1,3,5
1131,2022-02-04,2022,2,February,1,4,5
1132,2022-02-05,2022,2,February,1,5,5
1133,2022-02-06,2022,2,February,1,6,5
1134,2022-02-07,2022,2,February,1,7,6
1135,2022-02-08,2022,2,February,1,8,6
1136,2022-02-09,2022,2,February,1,9,6
1137,2022-02-10,2022,2,February,1,10,6
1138,2022-02-11,2022,2,February,1,11,6
1139,2022-02-12,2022,2,February,1,12,6
1140,2022-02-13,2022,2,February,1,13,6
1141,2022-02-14,2022,2,February,1,14,7
1142,2022-02-15,2022,2,February,1,15,7
1143,2022-02-16,2022,2,February,1,16,7
1144,2022-02-17,2022,2,February,1,17,7
1145,2022-02-18,2022,2,February,1,18,7
1146,2022-02-19,2022,2,February,1,19,7
1147,2022-02-20,2022,2,February,1,20,7
1148,2022-02-21,2022,2,February,1,21,8
1149,2022-02-22,2022,2,February,1,22,8
1150,2022-02-23,2022,2,February,1,23,8
1151,2022-02-24,2022,2,February,1,24,8
1152,2022-02-25,2022,2,February,1,25,8
1153,2022-02-26,2022,2,February,1,26,8
1154,2022-02-27,2022,2,February,1,27,8
1155,2022-02-28,2022,2,February,1,28,9
1156,2022-03-01,2022,3,March,1,1,9
1157,2022-03-02,2022,3,March,1,2,9
1158,2022-03-03,2022,3,March,1,3,9
1159,2022-03-04,2022,3,March,1,4,9
1160,2022-03-05,2022,3,March,1,5,9
1161,2022-03-06,2022,3,March,1,6,9
1162,2022-03-07,2022,3,March,1,7,10
1163,2022-03-08,2022,3,March,1,8,10
1164,2022-03-09,2022,3,March,1,9,10
1165,2022-03-10,2022,3,March,1,10,10
1166,2022-03-11,2022,3,March,1,11,10
1167,2022-03-12,2022,3,March,1,12,10
1168,2022-03-13,2022,3,March,1,13,10
1169,2022-03-14,2022,3,March,1,14,11
1170,2022-03-15,2022,3,March,1,15,11
1171,2022-03-16,2022,3,March,1,16,11
1172,2022-03-17,2022,3,March,1,17,11
1173,2022-03-18,2022,3,March,1,18,11
1174,2022-03-19,2022,3,March,1,19,11
1175,2022-03-20,2022,3,March,1,20,11
1176,2022-03-21,2022,3,March,1,21,12
1177,2022-03-22,2022,3,March,1,22,12
1178,2022-03-23,2022,3,March,1,23,12
1179,2022-03-24,2022,3,March,1,24,12
1180,2022-03-25,2022,3,March,1,25,12
1181,2022-03-26,2022,3,March,1,26,12
1182,2022-03-27,2022,3,March,1,27,12
1183,2022-03-28,2022,3,March,1,28,13
1184,2022-03-29,2022,3,March,1,29,13
1185,2022-03-30,2022,3,March,1,30,13
1186,2022-03-31,2022,3,March,1,31,13
1187,2022-04-01,2022,4,April,2,1,13
1188,2022-04-02,2022,4,April,2,2,13
1189,2022-04-03,2022,4,April,2,3,13
1190,2022-04-04,2022,4,April,2,4,14
1191,2022-04-05,2022,4,April,2,5,14
1192,2022-04-06,2022,4,April,2,6,14
1193,2022-04-07,2022,4,April,2,7,14
1194,2022-04-08,2022,4,April,2,8,14
1195,2022-04-09,2022,4,April,2,9,14
1196,2022-04-10,2022,4,April,2,10,14
1197,2022-04-11,2022,4,April,2,11,15
1198,2022-04-12,2022,4,April,2,12,15
1199,2022-04-13,2022,4,April,2,13,15
1200,2022-04-14,2022,4,April,2,14,15
1201,2022-04-15,2022,4,April,2,15,15
1202,2022-04-16,2022,4,April,2,16,15
1203,2022-04-17,2022,4,April,2,17,15
1204,2022-04-18,2022,4,April,2,18,16
1205,2022-04-19,2022,4,April,2,19,16
1206,2022-04-20,2022,4,April,2,20,16
1207,2022-04-21,2022,4,April,2,21,16
1208,2022-04-22,2022,4,April,2,22,16
1209,2022-04-23,2022,4,April,2,23,16
1210,2022-04-24,2022,4,April,2,24,16
1211,2022-04-25,2022,4,April,2,25,17
1212,2022-04-26,2022,4,April,2,26,17
1213,2022-04-27,2022,4,April,2,27,17
1214,2022-04-28,2022,4,April,2,28,17
1215,2022-04-29,2022,4,April,2,29,17
1216,2022-04-30,2022,4,April,2,30,17
1217,2022-05-01,2022,5,May,2,1,17
1218,2022-05-02,2022,5,May,2,2,18
1219,2022-05-03,2022,5,May,2,3,18
1220,2022-05-04,2022,5,May,2,4,18
1221,2022-05-05,2022,5,May,2,5,18
1222,2022-05-06,2022,5,May,2,6,18
1223,2022-05-07,2022,5,May,2,7,18
1224,2022-05-08,2022,5,May,2,8,18
1225,2022-05-09,2022,5,May,2,9,19
1226,2022-05-10,2022,5,May,2,10,19
1227,2022-05-11,2022,5,May,2,11,19
1228,2022-05-12,2022,5,May,2,12,19
1229,2022-05-13,2022,5,May,2,13,19
1230,2022-05-14,2022,5,May,2,14,19
1231,2022-05-15,2022,5,May,2,15,19
1232,2022-05-16,2022,5,May,2,16,20
1233,2022-05-17,2022,5,May,2,17,20
1234,2022-05-18,2022,5,May,2,18,20
1235,2022-05-19,2022,5,May,2,19,20
1236,2022-05-20,2022,5,May,2,20,20
1237,2022-05-21,2022,5,May,2,21,20
1238,2022-05-22,2022,5,May,2,22,20
1239,2022-05-23,2022,5,May,2,23,21
1240,2022-05-24,2022,5,May,2,24,21
1241,2022-05-25,2022,5,May,2,25,21
1242,2022-05-26,2022,5,May,2,26,21
1243,2022-05-27,2022,5,May,2,27,21
1244,2022-05-28,2022,5,May,2,28,21
1245,2022-05-29,2022,5,May,2,29,21
1246,2022-05-30,2022,5,May,2,30,22
1247,2022-05-31,2022,5,May,2,31,22
1248,2022-06-01,2022,6,June,2,1,22
1249,2022-06-02,2022,6,June,2,2,22
1250,2022-06-03,2022,6,June,2,3,22
1251,2022-06-04,2022,6,June,2,4,22
1252,2022-06-05,2022,6,June,2,5,22
1253,2022-06-06,2022,6,June,2,6,23
1254,2022-06-07,2022,6,June,2,7,23
1255,2022-06-08,2022,6,June,2,8,23
1256,2022-06-09,2022,6,June,2,9,23
1257,2022-06-10,2022,6,June,2,10,23
1258,2022-06-11,2022,6,June,2,11,23
1259,2022-06-12,2022,6,June,2,12,23
1260,2022-06-13,2022,6,June,2,13,24
1261,2022-06-14,2022,6,June,2,14,24
1262,2022-06-15,2022,6,June,2,15,24
1263,2022-06-16,2022,6,June,2,16,24
1264,2022-06-17,2022,6,June,2,17,24
1265,2022-06-18,2022,6,June,2,18,24
1266,2022-06-19,2022,6,June,2,19,24
1267,2022-06-20,2022,6,June,2,20,25
1268,2022-06-21,2022,6,June,2,21,25
1269,2022-06-22,2022,6,June,2,22,25
1270,2022-06-23,2022,6,June,2,23,25
1271,2022-06-24,2022,6,June,2,24,25
1272,2022-06-25,2022,6,June,2,25,25
1273,2022-06-26,2022,6,June,2,26,25
1274,2022-06-27,2022,6,June,2,27,26
1275,2022-06-28,2022,6,June,2,28,26
1276,2022-06-29,2022,6,June,2,29,26
1277,2022-06-30,2022,6,June,2,30,26
1278,2022-07-01,2022,7,July,3,1,26
1279,2022-07-02,2022,7,July,3,2,26
1280,2022-07-03,2022,7,July,3,3,26
1281,2022-07-04,2022,7,July,3,4,27
1282,2022-07-05,2022,7,July,3,5,27
1283,2022-07-06,2022,7,July,3,6,27
1284,2022-07-07,2022,7,July,3,7,27
1285,2022-07-08,2022,7,July,3,8,27
1286,2022-07-09,2022,7,July,3,9,27
1287,2022-07-10,2022,7,July,3,10,27
1288,2022-07-11,2022,7,July,3,11,28
1289,2022-07-12,2022,7,July,3,12,28
1290,2022-07-13,2022,7,July,3,13,28
1291,2022-07-14,2022,7,July,3,14,28
1292,2022-07-15,2022,7,July,3,15,28
1293,2022-07-16,2022,7,July,3,16,28
1294,2022-07-17,2022,7,July,3,17,28
1295,2022-07-18,2022,7,July,3,18,29
1296,2022-07-19,2022,7,July,3,19,29
1297,2022-07-20,2022,7,July,3,20,29
1298,2022-07-21,2022,7,July,3,21,29
1299,2022-07-22,2022,7,July,3,22,29
1300,2022-07-23,2022,7,July,3,23,29
1301,2022-07-24,2022,7,July,3,24,29
1302,2022-07-25,2022,7,July,3,25,30
1303,2022-07-26,2022,7,July,3,26,30
1304,2022-07-27,2022,7,July,3,27,30
1305,2022-07-28,2022,7,July,3,28,30
1306,2022-07-29,2022,7,July,3,29,30
1307,2022-07-30,2022,7,July,3,30,30
1308,2022-07-31,2022,7,July,3,31,30
1309,2022-08-01,2022,8,August,3,1,31
1310,2022-08-02,2022,8,August,3,2,31
1311,2022-08-03,2022,8,August,3,3,31
1312,2022-08-04,2022,8,August,3,4,31
1313,2022-08-05,2022,8,August,3,5,31
1314,2022-08-06,2022,8,August,3,6,31
1315,2022-08-07,2022,8,August,3,7,31
1316,2022-08-08,2022,8,August,3,8,32
1317,2022-08-09,2022,8,August,3,9,32
1318,2022-08-10,2022,8,August,3,10,32
1319,2022-08-11,2022,8,August,3,11,32
1320,2022-08-12,2022,8,August,3,12,32
1321,2022-08-13,2022,8,August,3,13,32
1322,2022-08-14,2022,8,August,3,14,32
1323,2022-08-15,2022,8,August,3,15,33
1324,2022-08-16,2022,8,August,3,16,33
1325,2022-08-17,2022,8,August,3,17,33
1326,2022-08-18,2022,8,August,3,18,33
1327,2022-08-19,2022,8,August,3,19,33
1328,2022-08-20,2022,8,August,3,20,33
1329,2022-08-21,2022,8,August,3,21,33
1330,2022-08-22,2022,8,August,3,22,34
1331,2022-08-23,2022,8,August,3,23,34
1332,2022-08-24,2022,8,August,3,24,34
1333,2022-08-25,2022,8,August,3,25,34
1334,2022-08-26,2022,8,August,3,26,34
1335,2022-08-27,2022,8,August,3,27,34
1336,2022-08-28,2022,8,August,3,28,34
1337,2022-08-29,2022,8,August,3,29,35
1338,2022-08-30,2022,8,August,3,30,35
1339,2022-08-31,2022,8,August,3,31,35
1340,2022-09-01,2022,9,September,3,1,35
1341,2022-09-02,2022,9,September,3,2,35
1342,2022-09-03,2022,9,September,3,3,35
1343,2022-09-04,2022,9,September,3,4,35
1344,2022-09-05,2022,9,September,3,5,36
1345,2022-09-06,2022,9,September,3,6,36
1346,2022-09-07,2022,9,September,3,7,36
1347,2022-09-08,2022,9,September,3,8,36
1348,2022-09-09,2022,9,September,3,9,36
1349,2022-09-10,2022,9,September,3,10,36
1350,2022-09-11,2022,9,September,3,11,36
1351,2022-09-12,2022,9,September,3,12,37
1352,2022-09-13,2022,9,September,3,13,37
1353,2022-09-14,2022,9,September,3,14,37
1354,2022-09-15,2022,9,September,3,15,37
1355,2022-09-16,2022,9,September,3,16,37
1356,2022-09-17,2022,9,September,3,17,37
1357,2022-09-18,2022,9,September,3,18,37
1358,2022-09-19,2022,9,September,3,19,38
1359,2022-09-20,2022,9,September,3,20,38
1360,2022-09-21,2022,9,September,3,21,38
1361,2022-09-22,2022,9,September,3,22,38
1362,2022-09-23,2022,9,September,3,23,38
1363,2022-09-24,2022,9,September,3,24,38
1364,2022-09-25,2022,9,September,3,25,38
1365,2022-09-26,2022,9,September,3,26,39
1366,2022-09-27,2022,9,September,3,27,39
1367,2022-09-28,2022,9,September,3,28,39
1368,2022-09-29,2022,9,September,3,29,39
1369,2022-09-30,2022,9,September,3,30,39
1370,2022-10-01,2022,10,October,4,1,39
1371,2022-10-02,2022,10,October,4,2,39
1372,2022-10-03,2022,10,October,4,3,40
1373,2022-10-04,2022,10,October,4,4,40
1374,2022-10-05,2022,10,October,4,5,40
1375,2022-10-06,2022,10,October,4,6,40
1376,2022-10-07,2022,10,October,4,7,40
1377,2022-10-08,2022,10,October,4,8,40
1378,2022-10-09,2022,10,October,4,9,40
1379,2022-10-10,2022,10,October,4,10,41
1380,2022-10-11,2022,10,October,4,11,41
1381,2022-10-12,2022,10,October,4,12,41
1382,2022-10-13,2022,10,October,4,13,41
1383,2022-10-14,2022,10,October,4,14,41
1384,2022-10-15,2022,10,October,4,15,41
1385,2022-10-16,2022,10,October,4,16,41
1386,2022-10-17,2022,10,October,4,17,42
1387,2022-10-18,2022,10,October,4,18,42
1388,2022-10-19,2022,10,October,4,19,42
1389,2022-10-20,2022,10,October,4,20,42
1390,2022-10-21,2022,10,October,4,21,42
1391,2022-10-22,2022,10,October,4,22,42
1392,2022-10-23,2022,10,October,4,23,42
1393,2022-10-24,2022,10,October,4,24,43
1394,2022-10-25,2022,10,October,4,25,43
1395,2022-10-26,2022,10,October,4,26,43
1396,2022-10-27,2022,10,October,4,27,43
1397,2022-10-28,2022,10,October,4,28,43
1398,2022-10-29,2022,10,October,4,29,43
1399,2022-10-30,2022,10,October,4,30,43
1400,2022-10-31,2022,10,October,4,31,44
1401,2022-11-01,2022,11,November,4,1,44
1402,2022-11-02,2022,11,November,4,2,44
1403,2022-11-03,2022,11,November,4,3,44
1404,2022-11-04,2022,11,November,4,4,44
1405,2022-11-05,2022,11,November,4,5,44
1406,2022-11-06,2022,11,November,4,6,44
1407,2022-11-07,2022,11,November,4,7,45
1408,2022-11-08,2022,11,November,4,8,45
1409,2022-11-09,2022,11,November,4,9,45
1410,2022-11-10,2022,11,November,4,10,45
1411,2022-11-11,2022,11,November,4,11,45
1412,2022-11-12,2022,11,November,4,12,45
1413,2022-11-13,2022,11,November,4,13,45
1414,2022-11-14,2022,11,November,4,14,46
1415,2022-11-15,2022,11,November,4,15,46
1416,2022-11-16,2022,11,November,4,16,46
1417,2022-11-17,2022,11,November,4,17,46
1418,2022-11-18,2022,11,November,4,18,46
1419,2022-11-19,2022,11,November,4,19,46
1420,2022-11-20,2022,11,November,4,20,46
1421,2022-11-21,2022,11,November,4,21,47
1422,2022-11-22,2022,11,November,4,22,47
1423,2022-11-23,2022,11,November,4,23,47
1424,2022-11-24,2022,11,November,4,24,47
1425,2022-11-25,2022,11,November,4,25,47
1426,2022-11-26,2022,11,November,4,26,47
1427,2022-11-27,2022,11,November,4,27,47
1428,2022-11-28,2022,11,November,4,28,48
1429,2022-11-29,2022,11,November,4,29,48
1430,2022-11-30,2022,11,November,4,30,48
1431,2022-12-01,2022,12,December,4,1,48
1432,2022-12-02,2022,12,December,4,2,48
1433,2022-12-03,2022,12,December,4,3,48
1434,2022-12-04,2022,12,December,4,4,48
1435,2022-12-05,2022,12,December,4,5,49
1436,2022-12-06,2022,12,December,4,6,49
1437,2022-12-07,2022,12,December,4,7,49
1438,2022-12-08,2022,12,December,4,8,49
1439,2022-12-09,2022,12,December,4,9,49
1440,2022-12-10,2022,12,December,4,10,49
1441,2022-12-11,2022,12,December,4,11,49
1442,2022-12-12,2022,12,December,4,12,50
1443,2022-12-13,2022,12,December,4,13,50
1444,2022-12-14,2022,12,December,4,14,50
1445,2022-12-15,2022,12,December,4,15,50
1446,2022-12-16,2022,12,December,4,16,50
1447,2022-12-17,2022,12,December,4,17,50
1448,2022-12-18,2022,12,December,4,18,50
1449,2022-12-19,2022,12,December,4,19,51
1450,2022-12-20,2022,12,December,4,20,51
1451,2022-12-21,2022,12,December,4,21,51
1452,2022-12-22,2022,12,December,4,22,51
1453,2022-12-23,2022,12,December,4,23,51
1454,2022-12-24,2022,12,December,4,24,51
1455,2022-12-25,2022,12,December,4,25,51
1456,2022-12-26,2022,12,December,4,26,52
1457,2022-12-27,2022,12,December,4,27,52
1458,2022-12-28,2022,12,December,4,28,52
1459,2022-12-29,2022,12,December,4,29,52
1460,2022-12-30,2022,12,December,4,30,52
1461,2022-12-31,2022,12,December,4,31,52
1462,2023-01-01,2023,1,January,1,1,52
1463,2023-01-02,2023,1,January,1,2,1
1464,2023-01-03,2023,1,January,1,3,1
1465,2023-01-04,2023,1,January,1,4,1
1466,2023-01-05,2023,1,January,1,5,1
1467,2023-01-06,2023,1,January,1,6,1
1468,2023-01-07,2023,1,January,1,7,1
1469,2023-01-08,2023,1,January,1,8,1
1470,2023-01-09,2023,1,January,1,9,2
1471,2023-01-10,2023,1,January,1,10,2
1472,2023-01-11,2023,1,January,1,11,2
1473,2023-01-12,2023,1,January,1,12,2
1474,2023-01-13,2023,1,January,1,13,2
1475,2023-01-14,2023,1,January,1,14,2
1476,2023-01-15,2023,1,January,1,15,2
1477,2023-01-16,2023,1,January,1,16,3
1478,2023-01-17,2023,1,January,1,17,3
1479,2023-01-18,2023,1,January,1,18,3
1480,2023-01-19,2023,1,January,1,19,3
1481,2023-01-20,2023,1,January,1,20,3
1482,2023-01-21,2023,1,January,1,21,3
1483,2023-01-22,2023,1,January,1,22,3
1484,2023-01-23,2023,1,January,1,23,4
1485,2023-01-24,2023,1,January,1,24,4
1486,2023-01-25,2023,1,January,1,25,4
1487,2023-01-26,2023,1,January,1,26,4
1488,2023-01-27,2023,1,January,1,27,4
1489,2023-01-28,2023,1,January,1,28,4
1490,2023-01-29,2023,1,January,1,29,4
1491,2023-01-30,2023,1,January,1,30,5
1492,2023-01-31,2023,1,January,1,31,5
1493,2023-02-01,2023,2,February,1,1,5
1494,2023-02-02,2023,2,February,1,2,5
1495,2023-02-03,2023,2,February,1,3,5
1496,2023-02-04,2023,2,February,1,4,5
1497,2023-02-05,2023,2,February,1,5,5
1498,2023-02-06,2023,2,February,1,6,6
1499,2023-02-07,2023,2,February,1,7,6
1500,2023-02-08,2023,2,February,1,8,6
1501,2023-02-09,2023,2,February,1,9,6
1502,2023-02-10,2023,2,February,1,10,6
1503,2023-02-11,2023,2,February,1,11,6
1504,2023-02-12,2023,2,February,1,12,6
1505,2023-02-13,2023,2,February,1,13,7
1506,2023-02-14,2023,2,February,1,14,7
1507,2023-02-15,2023,2,February,1,15,7
1508,2023-02-16,2023,2,February,1,16,7
1509,2023-02-17,2023,2,February,1,17,7
1510,2023-02-18,2023,2,February,1,18,7
1511,2023-02-19,2023,2,February,1,19,7
1512,2023-02-20,2023,2,February,1,20,8
1513,2023-02-21,2023,2,February,1,21,8
1514,2023-02-22,2023,2,February,1,22,8
1515,2023-02-23,2023,2,February,1,23,8
1516,2023-02-24,2023,2,February,1,24,8
1517,2023-02-25,2023,2,February,1,25,8
1518,2023-02-26,2023,2,February,1,26,8
1519,2023-02-27,2023,2,February,1,27,9
1520,2023-02-28,2023,2,February,1,28,9
1521,2023-03-01,2023,3,March,1,1,9
1522,2023-03-02,2023,3,March,1,2,9
1523,2023-03-03,2023,3,March,1,3,9
1524,2023-03-04,2023,3,March,1,4,9
1525,2023-03-05,2023,3,March,1,5,9
1526,2023-03-06,2023,3,March,1,6,10
1527,2023-03-07,2023,3,March,1,7,10
1528,2023-03-08,2023,3,March,1,8,10
1529,2023-03-09,2023,3,March,1,9,10
1530,2023-03-10,2023,3,March,1,10,10
1531,2023-03-11,2023,3,March,1,11,10
1532,2023-03-12,2023,3,March,1,12,10
1533,2023-03-13,2023,3,March,1,13,11
1534,2023-03-14,2023,3,March,1,14,11
1535,2023-03-15,2023,3,March,1,15,11
1536,2023-03-16,2023,3,March,1,16,11
1537,2023-03-17,2023,3,March,1,17,11
1538,2023-03-18,2023,3,March,1,18,11
1539,2023-03-19,2023,3,March,1,19,11
1540,2023-03-20,2023,3,March,1,20,12
1541,2023-03-21,2023,3,March,1,21,12
1542,2023-03-22,2023,3,March,1,22,12
1543,2023-03-23,2023,3,March,1,23,12
1544,2023-03-24,2023,3,March,1,24,12
1545,2023-03-25,2023,3,March,1,25,12
1546,2023-03-26,2023,3,March,1,26,12
1547,2023-03-27,2023,3,March,1,27,13
1548,2023-03-28,2023,3,March,1,28,13
1549,2023-03-29,2023,3,March,1,29,13
1550,2023-03-30,2023,3,March,1,30,13
1551,2023-03-31,2023,3,March,1,31,13
1552,2023-04-01,2023,4,April,2,1,13
1553,2023-04-02,2023,4,April,2,2,13
1554,2023-04-03,2023,4,April,2,3,14
1555,2023-04-04,2023,4,April,2,4,14
1556,2023-04-05,2023,4,April,2,5,14
1557,2023-04-06,2023,4,April,2,6,14
1558,2023-04-07,2023,4,April,2,7,14
1559,2023-04-08,2023,4,April,2,8,14
1560,2023-04-09,2023,4,April,2,9,14
1561,2023-04-10,2023,4,April,2,10,15
1562,2023-04-11,2023,4,April,2,11,15
1563,2023-04-12,2023,4,April,2,12,15
1564,2023-04-13,2023,4,April,2,13,15
1565,2023-04-14,2023,4,April,2,14,15
1566,2023-04-15,2023,4,April,2,15,15
1567,2023-04-16,2023,4,April,2,16,15
1568,2023-04-17,2023,4,April,2,17,16
1569,2023-04-18,2023,4,April,2,18,16
1570,2023-04-19,2023,4,April,2,19,16
1571,2023-04-20,2023,4,April,2,20,16
1572,2023-04-21,2023,4,April,2,21,16
1573,2023-04-22,2023,4,April,2,22,16
1574,2023-04-23,2023,4,April,2,23,16
1575,2023-04-24,2023,4,April,2,24,17
1576,2023-04-25,2023,4,April,2,25,17
1577,2023-04-26,2023,4,April,2,26,17
1578,2023-04-27,2023,4,April,2,27,17
1579,2023-04-28,2023,4,April,2,28,17
1580,2023-04-29,2023,4,April,2,29,17
1581,2023-04-30,2023,4,April,2,30,17
1582,2023-05-01,2023,5,May,2,1,18
1583,2023-05-02,2023,5,May,2,2,18
1584,2023-05-03,2023,5,May,2,3,18
1585,2023-05-04,2023,5,May,2,4,18
1586,2023-05-05,2023,5,May,2,5,18
1587,2023-05-06,2023,5,May,2,6,18
1588,2023-05-07,2023,5,May,2,7,18
1589,2023-05-08,2023,5,May,2,8,19
1590,2023-05-09,2023,5,May,2,9,19
1591,2023-05-10,2023,5,May,2,10,19
1592,2023-05-11,2023,5,May,2,11,19
1593,2023-05-12,2023,5,May,2,12,19
1594,2023-05-13,2023,5,May,2,13,19
1595,2023-05-14,2023,5,May,2,14,19
1596,2023-05-15,2023,5,May,2,15,20
1597,2023-05-16,2023,5,May,2,16,20
1598,2023-05-17,2023,5,May,2,17,20
1599,2023-05-18,2023,5,May,2,18,20
1600,2023-05-19,2023,5,May,2,19,20
1601,2023-05-20,2023,5,May,2,20,20
1602,2023-05-21,2023,5,May,2,21,20
1603,2023-05-22,2023,5,May,2,22,21
1604,2023-05-23,2023,5,May,2,23,21
1605,2023-05-24,2023,5,May,2,24,21
1606,2023-05-25,2023,5,May,2,25,21
1607,2023-05-26,2023,5,May,2,26,21
1608,2023-05-27,2023,5,May,2,27,21
1609,2023-05-28,2023,5,May,2,28,21
1610,2023-05-29,2023,5,May,2,29,22
1611,2023-05-30,2023,5,May,2,30,22
1612,2023-05-31,2023,5,May,2,31,22
1613,2023-06-01,2023,6,June,2,1,22
1614,2023-06-02,2023,6,June,2,2,22
1615,2023-06-03,2023,6,June,2,3,22
1616,2023-06-04,2023,6,June,2,4,22
1617,2023-06-05,2023,6,June,2,5,23
1618,2023-06-06,2023,6,June,2,6,23
1619,2023-06-07,2023,6,June,2,7,23
1620,2023-06-08,2023,6,June,2,8,23
1621,2023-06-09,2023,6,June,2,9,23
1622,2023-06-10,2023,6,June,2,10,23
1623,2023-06-11,2023,6,June,2,11,23
1624,2023-06-12,2023,6,June,2,12,24
1625,2023-06-13,2023,6,June,2,13,24
1626,2023-06-14,2023,6,June,2,14,24
1627,2023-06-15,2023,6,June,2,15,24
1628,2023-06-16,2023,6,June,2,16,24
1629,2023-06-17,2023,6,June,2,17,24
1630,2023-06-18,2023,6,June,2,18,24
1631,2023-06-19,2023,6,June,2,19,25
1632,2023-06-20,2023,6,June,2,20,25
1633,2023-06-21,2023,6,June,2,21,25
1634,2023-06-22,2023,6,June,2,22,25
1635,2023-06-23,2023,6,June,2,23,25
1636,2023-06-24,2023,6,June,2,24,25
1637,2023-06-25,2023,6,June,2,25,25
1638,2023-06-26,2023,6,June,2,26,26
1639,2023-06-27,2023,6,June,2,27,26
1640,2023-06-28,2023,6,June,2,28,26
1641,2023-06-29,2023,6,June,2,29,26
1642,2023-06-30,2023,6,June,2,30,26
1643,2023-07-01,2023,7,July,3,1,26
1644,2023-07-02,2023,7,July,3,2,26
1645,2023-07-03,2023,7,July,3,3,27
1646,2023-07-04,2023,7,July,3,4,27
1647,2023-07-05,2023,7,July,3,5,27
1648,2023-07-06,2023,7,July,3,6,27
1649,2023-07-07,2023,7,July,3,7,27
1650,2023-07-08,2023,7,July,3,8,27
1651,2023-07-09,2023,7,July,3,9,27
1652,2023-07-10,2023,7,July,3,10,28
1653,2023-07-11,2023,7,July,3,11,28
1654,2023-07-12,2023,7,July,3,12,28
1655,2023-07-13,2023,7,July,3,13,28
1656,2023-07-14,2023,7,July,3,14,28
1657,2023-07-15,2023,7,July,3,15,28
1658,2023-07-16,2023,7,July,3,16,28
1659,2023-07-17,2023,7,July,3,17,29
1660,2023-07-18,2023,7,July,3,18,29
1661,2023-07-19,2023,7,July,3,19,29
1662,2023-07-20,2023,7,July,3,20,29
1663,2023-07-21,2023,7,July,3,21,29
1664,2023-07-22,2023,7,July,3,22,29
1665,2023-07-23,2023,7,July,3,23,29
1666,2023-07-24,2023,7,July,3,24,30
1667,2023-07-25,2023,7,July,3,25,30
1668,2023-07-26,2023,7,July,3,26,30
1669,2023-07-27,2023,7,July,3,27,30
1670,2023-07-28,2023,7,July,3,28,30
1671,2023-07-29,2023,7,July,3,29,30
1672,2023-07-30,2023,7,July,3,30,30
1673,2023-07-31,2023,7,July,3,31,31
1674,2023-08-01,2023,8,August,3,1,31
1675,2023-08-02,2023,8,August,3,2,31
1676,2023-08-03,2023,8,August,3,3,31
1677,2023-08-04,2023,8,August,3,4,31
1678,2023-08-05,2023,8,August,3,5,31
1679,2023-08-06,2023,8,August,3,6,31
1680,2023-08-07,2023,8,August,3,7,32
1681,2023-08-08,2023,8,August,3,8,32
1682,2023-08-09,2023,8,August,3,9,32
1683,2023-08-10,2023,8,August,3,10,32
1684,2023-08-11,2023,8,August,3,11,32
1685,2023-08-12,2023,8,August,3,12,32
1686,2023-08-13,2023,8,August,3,13,32
1687,2023-08-14,2023,8,August,3,14,33
1688,2023-08-15,2023,8,August,3,15,33
1689,2023-08-16,2023,8,August,3,16,33
1690,2023-08-17,2023,8,August,3,17,33
1691,2023-08-18,2023,8,August,3,18,33
1692,2023-08-19,2023,8,August,3,19,33
1693,2023-08-20,2023,8,August,3,20,33
1694,2023-08-21,2023,8,August,3,21,34
1695,2023-08-22,2023,8,August,3,22,34
1696,2023-08-23,2023,8,August,3,23,34
1697,2023-08-24,2023,8,August,3,24,34
1698,2023-08-25,2023,8,August,3,25,34
1699,2023-08-26,2023,8,August,3,26,34
1700,2023-08-27,2023,8,August,3,27,34
1701,2023-08-28,2023,8,August,3,28,35
1702,2023-08-29,2023,8,August,3,29,35
1703,2023-08-30,2023,8,August,3,30,35
1704,2023-08-31,2023,8,August,3,31,35
1705,2023-09-01,2023,9,September,3,1,35
1706,2023-09-02,2023,9,September,3,2,35
1707,2023-09-03,2023,9,September,3,3,35
1708,2023-09-04,2023,9,September,3,4,36
1709,2023-09-05,2023,9,September,3,5,36
1710,2023-09-06,2023,9,September,3,6,36
1711,2023-09-07,2023,9,September,3,7,36
1712,2023-09-08,2023,9,September,3,8,36
1713,2023-09-09,2023,9,September,3,9,36
1714,2023-09-10,2023,9,September,3,10,36
1715,2023-09-11,2023,9,September,3,11,37
1716,2023-09-12,2023,9,September,3,12,37
1717,2023-09-13,2023,9,September,3,13,37
1718,2023-09-14,2023,9,September,3,14,37
1719,2023-09-15,2023,9,September,3,15,37
1720,2023-09-16,2023,9,September,3,16,37
1721,2023-09-17,2023,9,September,3,17,37
1722,2023-09-18,2023,9,September,3,18,38
1723,2023-09-19,2023,9,September,3,19,38
1724,2023-09-20,2023,9,September,3,20,38
1725,2023-09-21,2023,9,September,3,21,38
1726,2023-09-22,2023,9,September,3,22,38
1727,2023-09-23,2023,9,September,3,23,38
1728,2023-09-24,2023,9,September,3,24,38
1729,2023-09-25,2023,9,September,3,25,39
1730,2023-09-26,2023,9,September,3,26,39
1731,2023-09-27,2023,9,September,3,27,39
1732,2023-09-28,2023,9,September,3,28,39
1733,2023-09-29,2023,9,September,3,29,39
1734,2023-09-30,2023,9,September,3,30,39
1735,2023-10-01,2023,10,October,4,1,39
1736,2023-10-02,2023,10,October,4,2,40
1737,2023-10-03,2023,10,October,4,3,40
1738,2023-10-04,2023,10,October,4,4,40
1739,2023-10-05,2023,10,October,4,5,40
1740,2023-10-06,2023,10,October,4,6,40
1741,2023-10-07,2023,10,October,4,7,40
1742,2023-10-08,2023,10,October,4,8,40
1743,2023-10-09,2023,10,October,4,9,41
1744,2023-10-10,2023,10,October,4,10,41
1745,2023-10-11,2023,10,October,4,11,41
1746,2023-10-12,2023,10,October,4,12,41
1747,2023-10-13,2023,10,October,4,13,41
1748,2023-10-14,2023,10,October,4,14,41
1749,2023-10-15,2023,10,October,4,15,41
1750,2023-10-16,2023,10,October,4,16,42
1751,2023-10-17,2023,10,October,4,17,42
1752,2023-10-18,2023,10,October,4,18,42
1753,2023-10-19,2023,10,October,4,19,42
1754,2023-10-20,2023,10,October,4,20,42
1755,2023-10-21,2023,10,October,4,21,42
1756,2023-10-22,2023,10,October,4,22,42
1757,2023-10-23,2023,10,October,4,23,43
1758,2023-10-24,2023,10,October,4,24,43
1759,2023-10-25,2023,10,October,4,25,43
1760,2023-10-26,2023,10,October,4,26,43
1761,2023-10-27,2023,10,October,4,27,43
1762,2023-10-28,2023,10,October,4,28,43
1763,2023-10-29,2023,10,October,4,29,43
1764,2023-10-30,2023,10,October,4,30,44
1765,2023-10-31,2023,10,October,4,31,44
1766,2023-11-01,2023,11,November,4,1,44
1767,2023-11-02,2023,11,November,4,2,44
1768,2023-11-03,2023,11,November,4,3,44
1769,2023-11-04,2023,11,November,4,4,44
1770,2023-11-05,2023,11,November,4,5,44
1771,2023-11-06,2023,11,November,4,6,45
1772,2023-11-07,2023,11,November,4,7,45
1773,2023-11-08,2023,11,November,4,8,45
1774,2023-11-09,2023,11,November,4,9,45
1775,2023-11-10,2023,11,November,4,10,45
1776,2023-11-11,2023,11,November,4,11,45
1777,2023-11-12,2023,11,November,4,12,45
1778,2023-11-13,2023,11,November,4,13,46
1779,2023-11-14,2023,11,November,4,14,46
1780,2023-11-15,2023,11,November,4,15,46
1781,2023-11-16,2023,11,November,4,16,46
1782,2023-11-17,2023,11,November,4,17,46
1783,2023-11-18,2023,11,November,4,18,46
1784,2023-11-19,2023,11,November,4,19,46
1785,2023-11-20,2023,11,November,4,20,47
1786,2023-11-21,2023,11,November,4,21,47
1787,2023-11-22,2023,11,November,4,22,47
1788,2023-11-23,2023,11,November,4,23,47
1789,2023-11-24,2023,11,November,4,24,47
1790,2023-11-25,2023,11,November,4,25,47
1791,2023-11-26,2023,11,November,4,26,47
1792,2023-11-27,2023,11,November,4,27,48
1793,2023-11-28,2023,11,November,4,28,48
1794,2023-11-29,2023,11,November,4,29,48
1795,2023-11-30,2023,11,November,4,30,48
1796,2023-12-01,2023,12,December,4,1,48
1797,2023-12-02,2023,12,December,4,2,48
1798,2023-12-03,2023,12,December,4,3,48
1799,2023-12-04,2023,12,December,4,4,49
1800,2023-12-05,2023,12,December,4,5,49
1801,2023-12-06,2023,12,December,4,6,49
1802,2023-12-07,2023,12,December,4,7,49
1803,2023-12-08,2023,12,December,4,8,49
1804,2023-12-09,2023,12,December,4,9,49
1805,2023-12-10,2023,12,December,4,10,49
1806,2023-12-11,2023,12,December,4,11,50
1807,2023-12-12,2023,12,December,4,12,50
1808,2023-12-13,2023,12,December,4,13,50
1809,2023-12-14,2023,12,December,4,14,50
1810,2023-12-15,2023,12,December,4,15,50
1811,2023-12-16,2023,12,December,4,16,50
1812,2023-12-17,2023,12,December,4,17,50
1813,2023-12-18,2023,12,December,4,18,51
1814,2023-12-19,2023,12,December,4,19,51
1815,2023-12-20,2023,12,December,4,20,51
1816,2023-12-21,2023,12,December,4,21,51
1817,2023-12-22,2023,12,December,4,22,51
1818,2023-12-23,2023,12,December,4,23,51
1819,2023-12-24,2023,12,December,4,24,51
1820,2023-12-25,2023,12,December,4,25,52
1821,2023-12-26,2023,12,December,4,26,52
1822,2023-12-27,2023,12,December,4,27,52
1823,2023-12-28,2023,12,December,4,28,52
1824,2023-12-29,2023,12,December,4,29,52
1825,2023-12-30,2023,12,December,4,30,52
1826,2023-12-31,2023,12,December,4,31,52
1827,2024-01-01,2024,1,January,1,1,1
1828,2024-01-02,2024,1,January,1,2,1
1829,2024-01-03,2024,1,January,1,3,1
1830,2024-01-04,2024,1,January,1,4,1
1831,2024-01-05,2024,1,January,1,5,1
1832,2024-01-06,2024,1,January,1,6,1
1833,2024-01-07,2024,1,January,1,7,1
1834,2024-01-08,2024,1,January,1,8,2
1835,2024-01-09,2024,1,January,1,9,2
1836,2024-01-10,2024,1,January,1,10,2
1837,2024-01-11,2024,1,January,1,11,2
1838,2024-01-12,2024,1,January,1,12,2
1839,2024-01-13,2024,1,January,1,13,2
1840,2024-01-14,2024,1,January,1,14,2
1841,2024-01-15,2024,1,January,1,15,3
1842,2024-01-16,2024,1,January,1,16,3
1843,2024-01-17,2024,1,January,1,17,3
1844,2024-01-18,2024,1,January,1,18,3
1845,2024-01-19,2024,1,January,1,19,3
1846,2024-01-20,2024,1,January,1,20,3
1847,2024-01-21,2024,1,January,1,21,3
1848,2024-01-22,2024,1,January,1,22,4
1849,2024-01-23,2024,1,January,1,23,4
1850,2024-01-24,2024,1,January,1,24,4
1851,2024-01-25,2024,1,January,1,25,4
1852,2024-01-26,2024,1,January,1,26,4
1853,2024-01-27,2024,1,January,1,27,4
1854,2024-01-28,2024,1,January,1,28,4
1855,2024-01-29,2024,1,January,1,29,5
1856,2024-01-30,2024,1,January,1,30,5
1857,2024-01-31,2024,1,January,1,31,5
1858,2024-02-01,2024,2,February,1,1,5
1859,2024-02-02,2024,2,February,1,2,5
1860,2024-02-03,2024,2,February,1,3,5
1861,2024-02-04,2024,2,February,1,4,5
1862,2024-02-05,2024,2,February,1,5,6
1863,2024-02-06,2024,2,February,1,6,6
1864,2024-02-07,2024,2,February,1,7,6
1865,2024-02-08,2024,2,February,1,8,6
1866,2024-02-09,2024,2,February,1,9,6
1867,2024-02-10,2024,2,February,1,10,6
1868,2024-02-11,2024,2,February,1,11,6
1869,2024-02-12,2024,2,February,1,12,7
1870,2024-02-13,2024,2,February,1,13,7
1871,2024-02-14,2024,2,February,1,14,7
1872,2024-02-15,2024,2,February,1,15,7
1873,2024-02-16,2024,2,February,1,16,7
1874,2024-02-17,2024,2,February,1,17,7
1875,2024-02-18,2024,2,February,1,18,7
1876,2024-02-19,2024,2,February,1,19,8
1877,2024-02-20,2024,2,February,1,20,8
1878,2024-02-21,2024,2,February,1,21,8
1879,2024-02-22,2024,2,February,1,22,8
1880,2024-02-23,2024,2,February,1,23,8
1881,2024-02-24,2024,2,February,1,24,8
1882,2024-02-25,2024,2,February,1,25,8
1883,2024-02-26,2024,2,February,1,26,9
1884,2024-02-27,2024,2,February,1,27,9
1885,2024-02-28,2024,2,February,1,28,9
1886,2024-02-29,2024,2,February,1,29,9
1887,2024-03-01,2024,3,March,1,1,9
1888,2024-03-02,2024,3,March,1,2,9
1889,2024-03-03,2024,3,March,1,3,9
1890,2024-03-04,2024,3,March,1,4,10
1891,2024-03-05,2024,3,March,1,5,10
1892,2024-03-06,2024,3,March,1,6,10
1893,2024-03-07,2024,3,March,1,7,10
1894,2024-03-08,2024,3,March,1,8,10
1895,2024-03-09,2024,3,March,1,9,10
1896,2024-03-10,2024,3,March,1,10,10
1897,2024-03-11,2024,3,March,1,11,11
1898,2024-03-12,2024,3,March,1,12,11
1899,2024-03-13,2024,3,March,1,13,11
1900,2024-03-14,2024,3,March,1,14,11
1901,2024-03-15,2024,3,March,1,15,11
1902,2024-03-16,2024,3,March,1,16,11
1903,2024-03-17,2024,3,March,1,17,11
1904,2024-03-18,2024,3,March,1,18,12
1905,2024-03-19,2024,3,March,1,19,12
1906,2024-03-20,2024,3,March,1,20,12
1907,2024-03-21,2024,3,March,1,21,12
1908,2024-03-22,2024,3,March,1,22,12
1909,2024-03-23,2024,3,March,1,23,12
1910,2024-03-24,2024,3,March,1,24,12
1911,2024-03-25,2024,3,March,1,25,13
1912,2024-03-26,2024,3,March,1,26,13
1913,2024-03-27,2024,3,March,1,27,13
1914,2024-03-28,2024,3,March,1,28,13
1915,2024-03-29,2024,3,March,1,29,13
1916,2024-03-30,2024,3,March,1,30,13
1917,2024-03-31,2024,3,March,1,31,13
1918,2024-04-01,2024,4,April,2,1,14
1919,2024-04-02,2024,4,April,2,2,14
1920,2024-04-03,2024,4,April,2,3,14
1921,2024-04-04,2024,4,April,2,4,14
1922,2024-04-05,2024,4,April,2,5,14
1923,2024-04-06,2024,4,April,2,6,14
1924,2024-04-07,2024,4,April,2,7,14
1925,2024-04-08,2024,4,April,2,8,15
1926,2024-04-09,2024,4,April,2,9,15
1927,2024-04-10,2024,4,April,2,10,15
1928,2024-04-11,2024,4,April,2,11,15
1929,2024-04-12,2024,4,April,2,12,15
1930,2024-04-13,2024,4,April,2,13,15
1931,2024-04-14,2024,4,April,2,14,15
1932,2024-04-15,2024,4,April,2,15,16
1933,2024-04-16,2024,4,April,2,16,16
1934,2024-04-17,2024,4,April,2,17,16
1935,2024-04-18,2024,4,April,2,18,16
1936,2024-04-19,2024,4,April,2,19,16
1937,2024-04-20,2024,4,April,2,20,16
1938,2024-04-21,2024,4,April,2,21,16
1939,2024-04-22,2024,4,April,2,22,17
1940,2024-04-23,2024,4,April,2,23,17
1941,2024-04-24,2024,4,April,2,24,17
1942,2024-04-25,2024,4,April,2,25,17
1943,2024-04-26,2024,4,April,2,26,17
1944,2024-04-27,2024,4,April,2,27,17
1945,2024-04-28,2024,4,April,2,28,17
1946,2024-04-29,2024,4,April,2,29,18
1947,2024-04-30,2024,4,April,2,30,18
1948,2024-05-01,2024,5,May,2,1,18
1949,2024-05-02,2024,5,May,2,2,18
1950,2024-05-03,2024,5,May,2,3,18
1951,2024-05-04,2024,5,May,2,4,18
1952,2024-05-05,2024,5,May,2,5,18
1953,2024-05-06,2024,5,May,2,6,19
1954,2024-05-07,2024,5,May,2,7,19
1955,2024-05-08,2024,5,May,2,8,19
1956,2024-05-09,2024,5,May,2,9,19
1957,2024-05-10,2024,5,May,2,10,19
1958,2024-05-11,2024,5,May,2,11,19
1959,2024-05-12,2024,5,May,2,12,19
1960,2024-05-13,2024,5,May,2,13,20
1961,2024-05-14,2024,5,May,2,14,20
1962,2024-05-15,2024,5,May,2,15,20
1963,2024-05-16,2024,5,May,2,16,20
1964,2024-05-17,2024,5,May,2,17,20
1965,2024-05-18,2024,5,May,2,18,20
1966,2024-05-19,2024,5,May,2,19,20
1967,2024-05-20,2024,5,May,2,20,21
1968,2024-05-21,2024,5,May,2,21,21
1969,2024-05-22,2024,5,May,2,22,21
1970,2024-05-23,2024,5,May,2,23,21
1971,2024-05-24,2024,5,May,2,24,21
1972,2024-05-25,2024,5,May,2,25,21
1973,2024-05-26,2024,5,May,2,26,21
1974,2024-05-27,2024,5,May,2,27,22
1975,2024-05-28,2024,5,May,2,28,22
1976,2024-05-29,2024,5,May,2,29,22
1977,2024-05-30,2024,5,May,2,30,22
1978,2024-05-31,2024,5,May,2,31,22
1979,2024-06-01,2024,6,June,2,1,22
1980,2024-06-02,2024,6,June,2,2,22
1981,2024-06-03,2024,6,June,2,3,23
1982,2024-06-04,2024,6,June,2,4,23
1983,2024-06-05,2024,6,June,2,5,23
1984,2024-06-06,2024,6,June,2,6,23
1985,2024-06-07,2024,6,June,2,7,23
1986,2024-06-08,2024,6,June,2,8,23
1987,2024-06-09,2024,6,June,2,9,23
1988,2024-06-10,2024,6,June,2,10,24
1989,2024-06-11,2024,6,June,2,11,24
1990,2024-06-12,2024,6,June,2,12,24
1991,2024-06-13,2024,6,June,2,13,24
1992,2024-06-14,2024,6,June,2,14,24
1993,2024-06-15,2024,6,June,2,15,24
1994,2024-06-16,2024,6,June,2,16,24
1995,2024-06-17,2024,6,June,2,17,25
1996,2024-06-18,2024,6,June,2,18,25
1997,2024-06-19,2024,6,June,2,19,25
1998,2024-06-20,2024,6,June,2,20,25
1999,2024-06-21,2024,6,June,2,21,25
2000,2024-06-22,2024,6,June,2,22,25
2001,2024-06-23,2024,6,June,2,23,25
2002,2024-06-24,2024,6,June,2,24,26
2003,2024-06-25,2024,6,June,2,25,26
2004,2024-06-26,2024,6,June,2,26,26
2005,2024-06-27,2024,6,June,2,27,26
2006,2024-06-28,2024,6,June,2,28,26
2007,2024-06-29,2024,6,June,2,29,26
2008,2024-06-30,2024,6,June,2,30,26
2009,2024-07-01,2024,7,July,3,1,27
2010,2024-07-02,2024,7,July,3,2,27
2011,2024-07-03,2024,7,July,3,3,27
2012,2024-07-04,2024,7,July,3,4,27
2013,2024-07-05,2024,7,July,3,5,27
2014,2024-07-06,2024,7,July,3,6,27
2015,2024-07-07,2024,7,July,3,7,27
2016,2024-07-08,2024,7,July,3,8,28
2017,2024-07-09,2024,7,July,3,9,28
2018,2024-07-10,2024,7,July,3,10,28
2019,2024-07-11,2024,7,July,3,11,28
2020,2024-07-12,2024,7,July,3,12,28
2021,2024-07-13,2024,7,July,3,13,28
2022,2024-07-14,2024,7,July,3,14,28
2023,2024-07-15,2024,7,July,3,15,29
2024,2024-07-16,2024,7,July,3,16,29
2025,2024-07-17,2024,7,July,3,17,29
2026,2024-07-18,2024,7,July,3,18,29
2027,2024-07-19,2024,7,July,3,19,29
2028,2024-07-20,2024,7,July,3,20,29
2029,2024-07-21,2024,7,July,3,21,29
2030,2024-07-22,2024,7,July,3,22,30
2031,2024-07-23,2024,7,July,3,23,30
2032,2024-07-24,2024,7,July,3,24,30
2033,2024-07-25,2024,7,July,3,25,30
2034,2024-07-26,2024,7,July,3,26,30
2035,2024-07-27,2024,7,July,3,27,30
2036,2024-07-28,2024,7,July,3,28,30
2037,2024-07-29,2024,7,July,3,29,31
2038,2024-07-30,2024,7,July,3,30,31
2039,2024-07-31,2024,7,July,3,31,31
2040,2024-08-01,2024,8,August,3,1,31
2041,2024-08-02,2024,8,August,3,2,31
2042,2024-08-03,2024,8,August,3,3,31
2043,2024-08-04,2024,8,August,3,4,31
2044,2024-08-05,2024,8,August,3,5,32
2045,2024-08-06,2024,8,August,3,6,32
2046,2024-08-07,2024,8,August,3,7,32
2047,2024-08-08,2024,8,August,3,8,32
2048,2024-08-09,2024,8,August,3,9,32
2049,2024-08-10,2024,8,August,3,10,32
2050,2024-08-11,2024,8,August,3,11,32
2051,2024-08-12,2024,8,August,3,12,33
2052,2024-08-13,2024,8,August,3,13,33
2053,2024-08-14,2024,8,August,3,14,33
2054,2024-08-15,2024,8,August,3,15,33
2055,2024-08-16,2024,8,August,3,16,33
2056,2024-08-17,2024,8,August,3,17,33
2057,2024-08-18,2024,8,August,3,18,33
2058,2024-08-19,2024,8,August,3,19,34
2059,2024-08-20,2024,8,August,3,20,34
2060,2024-08-21,2024,8,August,3,21,34
2061,2024-08-22,2024,8,August,3,22,34
2062,2024-08-23,2024,8,August,3,23,34
2063,2024-08-24,2024,8,August,3,24,34
2064,2024-08-25,2024,8,August,3,25,34
2065,2024-08-26,2024,8,August,3,26,35
2066,2024-08-27,2024,8,August,3,27,35
2067,2024-08-28,2024,8,August,3,28,35
2068,2024-08-29,2024,8,August,3,29,35
2069,2024-08-30,2024,8,August,3,30,35
2070,2024-08-31,2024,8,August,3,31,35
2071,2024-09-01,2024,9,September,3,1,35
2072,2024-09-02,2024,9,September,3,2,36
2073,2024-09-03,2024,9,September,3,3,36
2074,2024-09-04,2024,9,September,3,4,36
2075,2024-09-05,2024,9,September,3,5,36
2076,2024-09-06,2024,9,September,3,6,36
2077,2024-09-07,2024,9,September,3,7,36
2078,2024-09-08,2024,9,September,3,8,36
2079,2024-09-09,2024,9,September,3,9,37
2080,2024-09-10,2024,9,September,3,10,37
2081,2024-09-11,2024,9,September,3,11,37
2082,2024-09-12,2024,9,September,3,12,37
2083,2024-09-13,2024,9,September,3,13,37
2084,2024-09-14,2024,9,September,3,14,37
2085,2024-09-15,2024,9,September,3,15,37
2086,2024-09-16,2024,9,September,3,16,38
2087,2024-09-17,2024,9,September,3,17,38
2088,2024-09-18,2024,9,September,3,18,38
2089,2024-09-19,2024,9,September,3,19,38
2090,2024-09-20,2024,9,September,3,20,38
2091,2024-09-21,2024,9,September,3,21,38
2092,2024-09-22,2024,9,September,3,22,38
2093,2024-09-23,2024,9,September,3,23,39
2094,2024-09-24,2024,9,September,3,24,39
2095,2024-09-25,2024,9,September,3,25,39
2096,2024-09-26,2024,9,September,3,26,39
2097,2024-09-27,2024,9,September,3,27,39
2098,2024-09-28,2024,9,September,3,28,39
2099,2024-09-29,2024,9,September,3,29,39
2100,2024-09-30,2024,9,September,3,30,40
2101,2024-10-01,2024,10,October,4,1,40
2102,2024-10-02,2024,10,October,4,2,40
2103,2024-10-03,2024,10,October,4,3,40
2104,2024-10-04,2024,10,October,4,4,40
2105,2024-10-05,2024,10,October,4,5,40
2106,2024-10-06,2024,10,October,4,6,40
2107,2024-10-07,2024,10,October,4,7,41
2108,2024-10-08,2024,10,October,4,8,41
2109,2024-10-09,2024,10,October,4,9,41
2110,2024-10-10,2024,10,October,4,10,41
2111,2024-10-11,2024,10,October,4,11,41
2112,2024-10-12,2024,10,October,4,12,41
2113,2024-10-13,2024,10,October,4,13,41
2114,2024-10-14,2024,10,October,4,14,42
2115,2024-10-15,2024,10,October,4,15,42
2116,2024-10-16,2024,10,October,4,16,42
2117,2024-10-17,2024,10,October,4,17,42
2118,2024-10-18,2024,10,October,4,18,42
2119,2024-10-19,2024,10,October,4,19,42
2120,2024-10-20,2024,10,October,4,20,42
2121,2024-10-21,2024,10,October,4,21,43
2122,2024-10-22,2024,10,October,4,22,43
2123,2024-10-23,2024,10,October,4,23,43
2124,2024-10-24,2024,10,October,4,24,43
2125,2024-10-25,2024,10,October,4,25,43
2126,2024-10-26,2024,10,October,4,26,43
2127,2024-10-27,2024,10,October,4,27,43
2128,2024-10-28,2024,10,October,4,28,44
2129,2024-10-29,2024,10,October,4,29,44
2130,2024-10-30,2024,10,October,4,30,44
2131,2024-10-31,2024,10,October,4,31,44
2132,2024-11-01,2024,11,November,4,1,44
2133,2024-11-02,2024,11,November,4,2,44
2134,2024-11-03,2024,11,November,4,3,44
2135,2024-11-04,2024,11,November,4,4,45
2136,2024-11-05,2024,11,November,4,5,45
2137,2024-11-06,2024,11,November,4,6,45
2138,2024-11-07,2024,11,November,4,7,45
2139,2024-11-08,2024,11,November,4,8,45
2140,2024-11-09,2024,11,November,4,9,45
2141,2024-11-10,2024,11,November,4,10,45
2142,2024-11-11,2024,11,November,4,11,46
2143,2024-11-12,2024,11,November,4,12,46
2144,2024-11-13,2024,11,November,4,13,46
2145,2024-11-14,2024,11,November,4,14,46
2146,2024-11-15,2024,11,November,4,15,46
2147,2024-11-16,2024,11,November,4,16,46
2148,2024-11-17,2024,11,November,4,17,46
2149,2024-11-18,2024,11,November,4,18,47
2150,2024-11-19,2024,11,November,4,19,47
2151,2024-11-20,2024,11,November,4,20,47
2152,2024-11-21,2024,11,November,4,21,47
2153,2024-11-22,2024,11,November,4,22,47
2154,2024-11-23,2024,11,November,4,23,47
2155,2024-11-24,2024,11,November,4,24,47
2156,2024-11-25,2024,11,November,4,25,48
2157,2024-11-26,2024,11,November,4,26,48
2158,2024-11-27,2024,11,November,4,27,48
2159,2024-11-28,2024,11,November,4,28,48
2160,2024-11-29,2024,11,November,4,29,48
2161,2024-11-30,2024,11,November,4,30,48
2162,2024-12-01,2024,12,December,4,1,48
2163,2024-12-02,2024,12,December,4,2,49
2164,2024-12-03,2024,12,December,4,3,49
2165,2024-12-04,2024,12,December,4,4,49
2166,2024-12-05,2024,12,December,4,5,49
2167,2024-12-06,2024,12,December,4,6,49
2168,2024-12-07,2024,12,December,4,7,49
2169,2024-12-08,2024,12,December,4,8,49
2170,2024-12-09,2024,12,December,4,9,50
2171,2024-12-10,2024,12,December,4,10,50
2172,2024-12-11,2024,12,December,4,11,50
2173,2024-12-12,2024,12,December,4,12,50
2174,2024-12-13,2024,12,December,4,13,50
2175,2024-12-14,2024,12,December,4,14,50
2176,2024-12-15,2024,12,December,4,15,50
2177,2024-12-16,2024,12,December,4,16,51
2178,2024-12-17,2024,12,December,4,17,51
2179,2024-12-18,2024,12,December,4,18,51
2180,2024-12-19,2024,12,December,4,19,51
2181,2024-12-20,2024,12,December,4,20,51
2182,2024-12-21,2024,12,December,4,21,51
2183,2024-12-22,2024,12,December,4,22,51
2184,2024-12-23,2024,12,December,4,23,52
2185,2024-12-24,2024,12,December,4,24,52
2186,2024-12-25,2024,12,December,4,25,52
2187,2024-12-26,2024,12,December,4,26,52
2188,2024-12-27,2024,12,December,4,27,52
2189,2024-12-28,2024,12,December,4,28,52
2190,2024-12-29,2024,12,December,4,29,52
2191,2024-12-30,2024,12,December,4,30,1
2192,2024-12-31,2024,12,December,4,31,1
2193,2025-01-01,2025,1,January,1,1,1
2194,2025-01-02,2025,1,January,1,2,1
2195,2025-01-03,2025,1,January,1,3,1
2196,2025-01-04,2025,1,January,1,4,1
2197,2025-01-05,2025,1,January,1,5,1
2198,2025-01-06,2025,1,January,1,6,2
2199,2025-01-07,2025,1,January,1,7,2
2200,2025-01-08,2025,1,January,1,8,2
2201,2025-01-09,2025,1,January,1,9,2
2202,2025-01-10,2025,1,January,1,10,2
2203,2025-01-11,2025,1,January,1,11,2
2204,2025-01-12,2025,1,January,1,12,2
2205,2025-01-13,2025,1,January,1,13,3
2206,2025-01-14,2025,1,January,1,14,3
2207,2025-01-15,2025,1,January,1,15,3
2208,2025-01-16,2025,1,January,1,16,3
2209,2025-01-17,2025,1,January,1,17,3
2210,2025-01-18,2025,1,January,1,18,3
2211,2025-01-19,2025,1,January,1,19,3
2212,2025-01-20,2025,1,January,1,20,4
2213,2025-01-21,2025,1,January,1,21,4
2214,2025-01-22,2025,1,January,1,22,4
2215,2025-01-23,2025,1,January,1,23,4
2216,2025-01-24,2025,1,January,1,24,4
2217,2025-01-25,2025,1,January,1,25,4
2218,2025-01-26,2025,1,January,1,26,4
2219,2025-01-27,2025,1,January,1,27,5
2220,2025-01-28,2025,1,January,1,28,5
2221,2025-01-29,2025,1,January,1,29,5
2222,2025-01-30,2025,1,January,1,30,5
2223,2025-01-31,2025,1,January,1,31,5
2224,2025-02-01,2025,2,February,1,1,5
2225,2025-02-02,2025,2,February,1,2,5
2226,2025-02-03,2025,2,February,1,3,6
2227,2025-02-04,2025,2,February,1,4,6
2228,2025-02-05,2025,2,February,1,5,6
2229,2025-02-06,2025,2,February,1,6,6
2230,2025-02-07,2025,2,February,1,7,6
2231,2025-02-08,2025,2,February,1,8,6
2232,2025-02-09,2025,2,February,1,9,6
2233,2025-02-10,2025,2,February,1,10,7
2234,2025-02-11,2025,2,February,1,11,7
2235,2025-02-12,2025,2,February,1,12,7
2236,2025-02-13,2025,2,February,1,13,7
2237,2025-02-14,2025,2,February,1,14,7
2238,2025-02-15,2025,2,February,1,15,7
2239,2025-02-16,2025,2,February,1,16,7
2240,2025-02-17,2025,2,February,1,17,8
2241,2025-02-18,2025,2,February,1,18,8
2242,2025-02-19,2025,2,February,1,19,8
2243,2025-02-20,2025,2,February,1,20,8
2244,2025-02-21,2025,2,February,1,21,8
2245,2025-02-22,2025,2,February,1,22,8
2246,2025-02-23,2025,2,February,1,23,8
2247,2025-02-24,2025,2,February,1,24,9
2248,2025-02-25,2025,2,February,1,25,9
2249,2025-02-26,2025,2,February,1,26,9
2250,2025-02-27,2025,2,February,1,27,9
2251,2025-02-28,2025,2,February,1,28,9
2252,2025-03-01,2025,3,March,1,1,9
2253,2025-03-02,2025,3,March,1,2,9
2254,2025-03-03,2025,3,March,1,3,10
2255,2025-03-04,2025,3,March,1,4,10
2256,2025-03-05,2025,3,March,1,5,10
2257,2025-03-06,2025,3,March,1,6,10
2258,2025-03-07,2025,3,March,1,7,10
2259,2025-03-08,2025,3,March,1,8,10
2260,2025-03-09,2025,3,March,1,9,10
2261,2025-03-10,2025,3,March,1,10,11
2262,2025-03-11,2025,3,March,1,11,11
2263,2025-03-12,2025,3,March,1,12,11
2264,2025-03-13,2025,3,March,1,13,11
2265,2025-03-14,2025,3,March,1,14,11
2266,2025-03-15,2025,3,March,1,15,11
2267,2025-03-16,2025,3,March,1,16,11
2268,2025-03-17,2025,3,March,1,17,12
2269,2025-03-18,2025,3,March,1,18,12
2270,2025-03-19,2025,3,March,1,19,12
2271,2025-03-20,2025,3,March,1,20,12
2272,2025-03-21,2025,3,March,1,21,12
2273,2025-03-22,2025,3,March,1,22,12
2274,2025-03-23,2025,3,March,1,23,12
2275,2025-03-24,2025,3,March,1,24,13
2276,2025-03-25,2025,3,March,1,25,13
2277,2025-03-26,2025,3,March,1,26,13
2278,2025-03-27,2025,3,March,1,27,13
2279,2025-03-28,2025,3,March,1,28,13
2280,2025-03-29,2025,3,March,1,29,13
2281,2025-03-30,2025,3,March,1,30,13
2282,2025-03-31,2025,3,March,1,31,14
2283,2025-04-01,2025,4,April,2,1,14
2284,2025-04-02,2025,4,April,2,2,14
2285,2025-04-03,2025,4,April,2,3,14
2286,2025-04-04,2025,4,April,2,4,14
2287,2025-04-05,2025,4,April,2,5,14
2288,2025-04-06,2025,4,April,2,6,14
2289,2025-04-07,2025,4,April,2,7,15
2290,2025-04-08,2025,4,April,2,8,15
2291,2025-04-09,2025,4,April,2,9,15
2292,2025-04-10,2025,4,April,2,10,15
2293,2025-04-11,2025,4,April,2,11,15
2294,2025-04-12,2025,4,April,2,12,15
2295,2025-04-13,2025,4,April,2,13,15
2296,2025-04-14,2025,4,April,2,14,16
2297,2025-04-15,2025,4,April,2,15,16
2298,2025-04-16,2025,4,April,2,16,16
2299,2025-04-17,2025,4,April,2,17,16
2300,2025-04-18,2025,4,April,2,18,16
2301,2025-04-19,2025,4,April,2,19,16
2302,2025-04-20,2025,4,April,2,20,16
2303,2025-04-21,2025,4,April,2,21,17
2304,2025-04-22,2025,4,April,2,22,17
2305,2025-04-23,2025,4,April,2,23,17
2306,2025-04-24,2025,4,April,2,24,17
2307,2025-04-25,2025,4,April,2,25,17
2308,2025-04-26,2025,4,April,2,26,17
2309,2025-04-27,2025,4,April,2,27,17
2310,2025-04-28,2025,4,April,2,28,18
2311,2025-04-29,2025,4,April,2,29,18
2312,2025-04-30,2025,4,April,2,30,18
2313,2025-05-01,2025,5,May,2,1,18
2314,2025-05-02,2025,5,May,2,2,18
2315,2025-05-03,2025,5,May,2,3,18
2316,2025-05-04,2025,5,May,2,4,18
2317,2025-05-05,2025,5,May,2,5,19
2318,2025-05-06,2025,5,May,2,6,19
2319,2025-05-07,2025,5,May,2,7,19
2320,2025-05-08,2025,5,May,2,8,19
2321,2025-05-09,2025,5,May,2,9,19
2322,2025-05-10,2025,5,May,2,10,19
2323,2025-05-11,2025,5,May,2,11,19
2324,2025-05-12,2025,5,May,2,12,20
2325,2025-05-13,2025,5,May,2,13,20
2326,2025-05-14,2025,5,May,2,14,20
2327,2025-05-15,2025,5,May,2,15,20
2328,2025-05-16,2025,5,May,2,16,20
2329,2025-05-17,2025,5,May,2,17,20
2330,2025-05-18,2025,5,May,2,18,20
2331,2025-05-19,2025,5,May,2,19,21
2332,2025-05-20,2025,5,May,2,20,21
2333,2025-05-21,2025,5,May,2,21,21
2334,2025-05-22,2025,5,May,2,22,21
2335,2025-05-23,2025,5,May,2,23,21
2336,2025-05-24,2025,5,May,2,24,21
2337,2025-05-25,2025,5,May,2,25,21
2338,2025-05-26,2025,5,May,2,26,22
2339,2025-05-27,2025,5,May,2,27,22
2340,2025-05-28,2025,5,May,2,28,22
2341,2025-05-29,2025,5,May,2,29,22
2342,2025-05-30,2025,5,May,2,30,22
2343,2025-05-31,2025,5,May,2,31,22
2344,2025-06-01,2025,6,June,2,1,22
2345,2025-06-02,2025,6,June,2,2,23
2346,2025-06-03,2025,6,June,2,3,23
2347,2025-06-04,2025,6,June,2,4,23
2348,2025-06-05,2025,6,June,2,5,23
2349,2025-06-06,2025,6,June,2,6,23
2350,2025-06-07,2025,6,June,2,7,23
2351,2025-06-08,2025,6,June,2,8,23
2352,2025-06-09,2025,6,June,2,9,24
2353,2025-06-10,2025,6,June,2,10,24
2354,2025-06-11,2025,6,June,2,11,24
2355,2025-06-12,2025,6,June,2,12,24
2356,2025-06-13,2025,6,June,2,13,24
2357,2025-06-14,2025,6,June,2,14,24
2358,2025-06-15,2025,6,June,2,15,24
2359,2025-06-16,2025,6,June,2,16,25
2360,2025-06-17,2025,6,June,2,17,25
2361,2025-06-18,2025,6,June,2,18,25
2362,2025-06-19,2025,6,June,2,19,25
2363,2025-06-20,2025,6,June,2,20,25
2364,2025-06-21,2025,6,June,2,21,25
2365,2025-06-22,2025,6,June,2,22,25
2366,2025-06-23,2025,6,June,2,23,26
2367,2025-06-24,2025,6,June,2,24,26
2368,2025-06-25,2025,6,June,2,25,26
2369,2025-06-26,2025,6,June,2,26,26
2370,2025-06-27,2025,6,June,2,27,26
2371,2025-06-28,2025,6,June,2,28,26
2372,2025-06-29,2025,6,June,2,29,26
2373,2025-06-30,2025,6,June,2,30,27
2374,2025-07-01,2025,7,July,3,1,27
2375,2025-07-02,2025,7,July,3,2,27
2376,2025-07-03,2025,7,July,3,3,27
2377,2025-07-04,2025,7,July,3,4,27
2378,2025-07-05,2025,7,July,3,5,27
2379,2025-07-06,2025,7,July,3,6,27
2380,2025-07-07,2025,7,July,3,7,28
2381,2025-07-08,2025,7,July,3,8,28
2382,2025-07-09,2025,7,July,3,9,28
2383,2025-07-10,2025,7,July,3,10,28
2384,2025-07-11,2025,7,July,3,11,28
2385,2025-07-12,2025,7,July,3,12,28
2386,2025-07-13,2025,7,July,3,13,28
2387,2025-07-14,2025,7,July,3,14,29
2388,2025-07-15,2025,7,July,3,15,29
2389,2025-07-16,2025,7,July,3,16,29
2390,2025-07-17,2025,7,July,3,17,29
2391,2025-07-18,2025,7,July,3,18,29
2392,2025-07-19,2025,7,July,3,19,29
2393,2025-07-20,2025,7,July,3,20,29
2394,2025-07-21,2025,7,July,3,21,30
2395,2025-07-22,2025,7,July,3,22,30
2396,2025-07-23,2025,7,July,3,23,30
2397,2025-07-24,2025,7,July,3,24,30
2398,2025-07-25,2025,7,July,3,25,30
2399,2025-07-26,2025,7,July,3,26,30
2400,2025-07-27,2025,7,July,3,27,30
2401,2025-07-28,2025,7,July,3,28,31
2402,2025-07-29,2025,7,July,3,29,31
2403,2025-07-30,2025,7,July,3,30,31
2404,2025-07-31,2025,7,July,3,31,31
2405,2025-08-01,2025,8,August,3,1,31
2406,2025-08-02,2025,8,August,3,2,31
2407,2025-08-03,2025,8,August,3,3,31
2408,2025-08-04,2025,8,August,3,4,32
2409,2025-08-05,2025,8,August,3,5,32
2410,2025-08-06,2025,8,August,3,6,32
2411,2025-08-07,2025,8,August,3,7,32
2412,2025-08-08,2025,8,August,3,8,32
2413,2025-08-09,2025,8,August,3,9,32
2414,2025-08-10,2025,8,August,3,10,32
2415,2025-08-11,2025,8,August,3,11,33
2416,2025-08-12,2025,8,August,3,12,33
2417,2025-08-13,2025,8,August,3,13,33
2418,2025-08-14,2025,8,August,3,14,33
2419,2025-08-15,2025,8,August,3,15,33
2420,2025-08-16,2025,8,August,3,16,33
2421,2025-08-17,2025,8,August,3,17,33
2422,2025-08-18,2025,8,August,3,18,34
2423,2025-08-19,2025,8,August,3,19,34
2424,2025-08-20,2025,8,August,3,20,34
2425,2025-08-21,2025,8,August,3,21,34
2426,2025-08-22,2025,8,August,3,22,34
2427,2025-08-23,2025,8,August,3,23,34
2428,2025-08-24,2025,8,August,3,24,34
2429,2025-08-25,2025,8,August,3,25,35
2430,2025-08-26,2025,8,August,3,26,35
2431,2025-08-27,2025,8,August,3,27,35
2432,2025-08-28,2025,8,August,3,28,35
2433,2025-08-29,2025,8,August,3,29,35
2434,2025-08-30,2025,8,August,3,30,35
2435,2025-08-31,2025,8,August,3,31,35
2436,2025-09-01,2025,9,September,3,1,36
2437,2025-09-02,2025,9,September,3,2,36
2438,2025-09-03,2025,9,September,3,3,36
2439,2025-09-04,2025,9,September,3,4,36
2440,2025-09-05,2025,9,September,3,5,36
2441,2025-09-06,2025,9,September,3,6,36
2442,2025-09-07,2025,9,September,3,7,36
2443,2025-09-08,2025,9,September,3,8,37
2444,2025-09-09,2025,9,September,3,9,37
2445,2025-09-10,2025,9,September,3,10,37
2446,2025-09-11,2025,9,September,3,11,37
2447,2025-09-12,2025,9,September,3,12,37
2448,2025-09-13,2025,9,September,3,13,37
2449,2025-09-14,2025,9,September,3,14,37
2450,2025-09-15,2025,9,September,3,15,38
2451,2025-09-16,2025,9,September,3,16,38
2452,2025-09-17,2025,9,September,3,17,38
2453,2025-09-18,2025,9,September,3,18,38
2454,2025-09-19,2025,9,September,3,19,38
2455,2025-09-20,2025,9,September,3,20,38
2456,2025-09-21,2025,9,September,3,21,38
2457,2025-09-22,2025,9,September,3,22,39
2458,2025-09-23,2025,9,September,3,23,39
2459,2025-09-24,2025,9,September,3,24,39
2460,2025-09-25,2025,9,September,3,25,39
2461,2025-09-26,2025,9,September,3,26,39
2462,2025-09-27,2025,9,September,3,27,39
2463,2025-09-28,2025,9,September,3,28,39
2464,2025-09-29,2025,9,September,3,29,40
2465,2025-09-30,2025,9,September,3,30,40
2466,2025-10-01,2025,10,October,4,1,40
2467,2025-10-02,2025,10,October,4,2,40
2468,2025-10-03,2025,10,October,4,3,40
2469,2025-10-04,2025,10,October,4,4,40
2470,2025-10-05,2025,10,October,4,5,40
2471,2025-10-06,2025,10,October,4,6,41
2472,2025-10-07,2025,10,October,4,7,41
2473,2025-10-08,2025,10,October,4,8,41
2474,2025-10-09,2025,10,October,4,9,41
2475,2025-10-10,2025,10,October,4,10,41
2476,2025-10-11,2025,10,October,4,11,41
2477,2025-10-12,2025,10,October,4,12,41
2478,2025-10-13,2025,10,October,4,13,42
2479,2025-10-14,2025,10,October,4,14,42
2480,2025-10-15,2025,10,October,4,15,42
2481,2025-10-16,2025,10,October,4,16,42
2482,2025-10-17,2025,10,October,4,17,42
2483,2025-10-18,2025,10,October,4,18,42
2484,2025-10-19,2025,10,October,4,19,42
2485,2025-10-20,2025,10,October,4,20,43
2486,2025-10-21,2025,10,October,4,21,43
2487,2025-10-22,2025,10,October,4,22,43
2488,2025-10-23,2025,10,October,4,23,43
2489,2025-10-24,2025,10,October,4,24,43
2490,2025-10-25,2025,10,October,4,25,43
2491,2025-10-26,2025,10,October,4,26,43
2492,2025-10-27,2025,10,October,4,27,44
2493,2025-10-28,2025,10,October,4,28,44
2494,2025-10-29,2025,10,October,4,29,44
2495,2025-10-30,2025,10,October,4,30,44
2496,2025-10-31,2025,10,October,4,31,44
2497,2025-11-01,2025,11,November,4,1,44
2498,2025-11-02,2025,11,November,4,2,44
2499,2025-11-03,2025,11,November,4,3,45
2500,2025-11-04,2025,11,November,4,4,45
2501,2025-11-05,2025,11,November,4,5,45
2502,2025-11-06,2025,11,November,4,6,45
2503,2025-11-07,2025,11,November,4,7,45
2504,2025-11-08,2025,11,November,4,8,45
2505,2025-11-09,2025,11,November,4,9,45
2506,2025-11-10,2025,11,November,4,10,46
2507,2025-11-11,2025,11,November,4,11,46
2508,2025-11-12,2025,11,November,4,12,46
2509,2025-11-13,2025,11,November,4,13,46
2510,2025-11-14,2025,11,November,4,14,46
2511,2025-11-15,2025,11,November,4,15,46
2512,2025-11-16,2025,11,November,4,16,46
2513,2025-11-17,2025,11,November,4,17,47
2514,2025-11-18,2025,11,November,4,18,47
2515,2025-11-19,2025,11,November,4,19,47
2516,2025-11-20,2025,11,November,4,20,47
2517,2025-11-21,2025,11,November,4,21,47
2518,2025-11-22,2025,11,November,4,22,47
2519,2025-11-23,2025,11,November,4,23,47
2520,2025-11-24,2025,11,November,4,24,48
2521,2025-11-25,2025,11,November,4,25,48
2522,2025-11-26,2025,11,November,4,26,48
2523,2025-11-27,2025,11,November,4,27,48
2524,2025-11-28,2025,11,November,4,28,48
2525,2025-11-29,2025,11,November,4,29,48
2526,2025-11-30,2025,11,November,4,30,48
2527,2025-12-01,2025,12,December,4,1,49
2528,2025-12-02,2025,12,December,4,2,49
2529,2025-12-03,2025,12,December,4,3,49
2530,2025-12-04,2025,12,December,4,4,49
2531,2025-12-05,2025,12,December,4,5,49
2532,2025-12-06,2025,12,December,4,6,49
2533,2025-12-07,2025,12,December,4,7,49
2534,2025-12-08,2025,12,December,4,8,50
2535,2025-12-09,2025,12,December,4,9,50
2536,2025-12-10,2025,12,December,4,10,50
2537,2025-12-11,2025,12,December,4,11,50
2538,2025-12-12,2025,12,December,4,12,50
2539,2025-12-13,2025,12,December,4,13,50
2540,2025-12-14,2025,12,December,4,14,50
2541,2025-12-15,2025,12,December,4,15,51
2542,2025-12-16,2025,12,December,4,16,51
2543,2025-12-17,2025,12,December,4,17,51
2544,2025-12-18,2025,12,December,4,18,51
2545,2025-12-19,2025,12,December,4,19,51
2546,2025-12-20,2025,12,December,4,20,51
2547,2025-12-21,2025,12,December,4,21,51
2548,2025-12-22,2025,12,December,4,22,52
2549,2025-12-23,2025,12,December,4,23,52
2550,2025-12-24,2025,12,December,4,24,52
2551,2025-12-25,2025,12,December,4,25,52
2552,2025-12-26,2025,12,December,4,26,52
2553,2025-12-27,2025,12,December,4,27,52
2554,2025-12-28,2025,12,December,4,28,52
2555,2025-12-29,2025,12,December,4,29,1
2556,2025-12-30,2025,12,December,4,30,1
2557,2025-12-31,2025,12,December,4,31,1
